origin,destination,count
ABE,ATL,13
ABE,CLE,1
ABE,CLT,2
ABE,DTW,6
ABE,IAD,2
ABE,ORD,8
ABE,PHL,3
ABI,DFW,314
ABQ,ALM,4
ABQ,ATL,77
ABQ,AUS,3
ABQ,BOS,2
ABQ,BWI,32
ABQ,CNM,2
ABQ,CVN,10
ABQ,DAL,22
ABQ,DCA,5
ABQ,DEN,65
ABQ,DFW,315
ABQ,ELP,22
ABQ,FAT,1
ABQ,HOB,2
ABQ,HOU,1
ABQ,IAD,23
ABQ,IAH,9
ABQ,LAS,25
ABQ,LAX,34
ABQ,LBB,2
ABQ,MCI,2
ABQ,MDW,4
ABQ,MSP,1
ABQ,OAK,14
ABQ,ORD,26
ABQ,PDX,2
ABQ,PHX,40
ABQ,RIC,3
ABQ,SAN,45
ABQ,SAT,6
ABQ,SEA,32
ABQ,SFO,6
ABQ,SLC,23
ABQ,SMF,2
ABQ,SNA,1
ABQ,STL,1
ABQ,TUS,30
ABR,MSP,1
ABY,ATL,131
ACK,EWB,1
ACT,DFW,30
ACT,IAH,4
ACV,SFO,1
ACY,ATL,7
ACY,TPA,1
ADK,ANC,2
ADQ,ANC,22
AEX,ATL,188
AEX,DFW,138
AEX,IAH,32
AGS,ATL,261
AGS,CLT,112
AGS,DFW,69
AHN,ATL,1
AKN,ANC,3
AKN,KCL,1
ALB,ART,31
ALB,ATL,74
ALB,BOS,1
ALB,BWI,72
ALB,CLE,10
ALB,CLT,48
ALB,DCA,17
ALB,DTW,33
ALB,EWR,9
ALB,FLL,2
ALB,IAD,98
ALB,LAS,10
ALB,LGA,1
ALB,MCO,1
ALB,MDW,3
ALB,MSP,3
ALB,MSS,1
ALB,OGS,1
ALB,ORD,85
ALB,ORF,3
ALB,PHL,14
ALB,SAN,2
ALB,SEA,3
ALM,ABQ,1
ALO,MSP,7
ALS,DEN,3
ALW,SEA,8
AMA,DAL,22
AMA,DEN,3
AMA,DFW,36
AMA,IAH,3
AMA,LAS,10
ANC,ADK,2
ANC,ADQ,21
ANC,AKN,3
ANC,ATL,1
ANC,BET,4
ANC,CDV,1
ANC,DEN,2
ANC,DFW,18
ANC,EWR,2
ANC,FAI,94
ANC,HNL,20
ANC,HOM,2
ANC,IAH,7
ANC,JNU,4
ANC,KTN,1
ANC,LAX,4
ANC,MSP,78
ANC,OME,3
ANC,ORD,7
ANC,OTZ,5
ANC,PDX,3
ANC,PHX,8
ANC,SEA,185
ANC,SLC,20
ANC,YAK,1
AOO,IAD,1
AOO,JST,2
APN,DTW,11
ART,ALB,14
ART,ORD,1
ASE,DEN,2
ATL,ABE,18
ATL,ABQ,79
ATL,ABY,123
ATL,ACY,6
ATL,AEX,187
ATL,AGS,293
ATL,AHN,4
ATL,ALB,39
ATL,ATW,12
ATL,AUS,59
ATL,AVL,13
ATL,AVP,20
ATL,BDL,87
ATL,BHM,112
ATL,BMI,21
ATL,BNA,280
ATL,BOS,235
ATL,BQK,14
ATL,BTR,22
ATL,BTV,1
ATL,BUF,42
ATL,BWI,623
ATL,CAE,687
ATL,CAK,36
ATL,CHA,32
ATL,CHO,32
ATL,CHS,203
ATL,CID,6
ATL,CLE,50
ATL,CLT,97
ATL,CMH,89
ATL,COS,153
ATL,CRW,59
ATL,CSG,564
ATL,CVG,80
ATL,DAB,12
ATL,DAY,216
ATL,DCA,1346
ATL,DEN,216
ATL,DFW,677
ATL,DHN,292
ATL,DSM,29
ATL,DTW,263
ATL,ELP,293
ATL,EVV,12
ATL,EWN,98
ATL,EWR,198
ATL,EYW,60
ATL,FAY,1022
ATL,FLL,69
ATL,FNT,33
ATL,FSD,1
ATL,FWA,15
ATL,GNV,14
ATL,GPT,352
ATL,GRK,197
ATL,GRR,19
ATL,GSO,33
ATL,GSP,57
ATL,GTR,39
ATL,HNL,418
ATL,HOU,56
ATL,HPN,10
ATL,HSV,529
ATL,IAD,469
ATL,IAH,105
ATL,ICT,40
ATL,ILM,39
ATL,IND,209
ATL,JAN,155
ATL,JAX,604
ATL,JFK,69
ATL,LAS,257
ATL,LAW,1
ATL,LAX,346
ATL,LEX,33
ATL,LFT,5
ATL,LGA,88
ATL,LIT,248
ATL,LWB,1
ATL,MCI,254
ATL,MCN,39
ATL,MCO,399
ATL,MDT,127
ATL,MDW,21
ATL,MEI,34
ATL,MEM,186
ATL,MFE,7
ATL,MGM,401
ATL,MHT,23
ATL,MIA,165
ATL,MKE,55
ATL,MLB,75
ATL,MLI,123
ATL,MLU,3
ATL,MOB,98
ATL,MSN,22
ATL,MSP,331
ATL,MSY,191
ATL,MYR,24
ATL,OAJ,327
ATL,OKC,212
ATL,OMA,131
ATL,ONT,62
ATL,ORD,334
ATL,ORF,1383
ATL,PBI,76
ATL,PDX,63
ATL,PFN,17
ATL,PHF,600
ATL,PHL,491
ATL,PHX,167
ATL,PIT,139
ATL,PNS,543
ATL,PRG,3
ATL,PVD,78
ATL,PWM,50
ATL,RDU,310
ATL,RIC,320
ATL,ROA,32
ATL,ROC,26
ATL,RSW,18
ATL,SAN,874
ATL,SAT,729
ATL,SAV,604
ATL,SBN,18
ATL,SDF,225
ATL,SEA,664
ATL,SFO,77
ATL,SGF,41
ATL,SHV,170
ATL,SJC,12
ATL,SJU,146
ATL,SLC,574
ATL,SMF,54
ATL,SNA,25
ATL,SRQ,25
ATL,STL,442
ATL,STT,5
ATL,SWF,39
ATL,SYR,130
ATL,TLH,37
ATL,TPA,396
ATL,TRI,18
ATL,TUL,21
ATL,TUS,294
ATL,TYS,60
ATL,VLD,106
ATL,VPS,769
ATL,XNA,7
ATW,ATL,18
ATW,DTW,4
ATW,MKE,3
ATW,MSP,1
ATW,ORD,15
ATY,MSP,1
AUG,BOS,3
AUH,JFK,13
AUS,ATL,46
AUS,BNA,10
AUS,BOS,1
AUS,BWI,55
AUS,CLT,4
AUS,DAL,25
AUS,DCA,5
AUS,DEN,16
AUS,DFW,158
AUS,DTW,9
AUS,ELP,37
AUS,EWR,2
AUS,HOU,13
AUS,IAD,11
AUS,IAH,7
AUS,JFK,5
AUS,LAS,11
AUS,LAX,17
AUS,LGA,1
AUS,MCI,1
AUS,MCO,3
AUS,MDW,2
AUS,MEM,13
AUS,MSP,1
AUS,OAK,5
AUS,ONT,1
AUS,ORD,34
AUS,PHX,13
AUS,RIC,1
AUS,SAN,23
AUS,SEA,13
AUS,SFO,1
AUS,SJC,16
AUS,SLC,5
AUS,STL,7
AVL,ATL,10
AVL,CLT,6
AVL,DTW,1
AVL,ORD,1
AVP,ATL,8
AVP,CLT,8
AVP,CVG,1
AVP,DTW,27
AVP,EWR,4
AVP,ORD,13
AVP,PHL,25
AZO,DTW,30
AZO,MSP,3
AZO,ORD,55
BDL,ATL,152
BDL,BNA,1
BDL,BWI,62
BDL,CLE,1
BDL,CLT,55
BDL,CVG,5
BDL,DCA,41
BDL,DEN,2
BDL,DFW,58
BDL,DTW,19
BDL,IAD,102
BDL,JFK,3
BDL,LAS,4
BDL,LGA,1
BDL,MCO,9
BDL,MDW,2
BDL,MIA,4
BDL,MSP,11
BDL,ORD,164
BDL,PHL,65
BDL,PIT,7
BDL,RDU,3
BDL,SJU,1
BDL,STL,14
BDL,TPA,2
BET,ANC,4
BFD,CLE,1
BFD,JHW,1
BFF,DEN,1
BFI,CLM,1
BFL,DEN,3
BFL,LAX,1
BFL,PHX,8
BFL,SFO,1
BGM,DTW,1
BGM,IAD,18
BGM,PHL,6
BGR,DCA,1
BGR,DTW,15
BGR,LGA,9
BGR,PHL,9
BHB,BOS,3
BHM,ATL,112
BHM,BNA,8
BHM,BWI,51
BHM,CLT,54
BHM,DAL,3
BHM,DEN,7
BHM,DFW,37
BHM,DTW,30
BHM,HOU,2
BHM,IAH,12
BHM,JAX,6
BHM,LAS,3
BHM,LGA,4
BHM,MCO,1
BHM,MDW,7
BHM,MEM,18
BHM,MIA,2
BHM,MSP,2
BHM,MSY,9
BHM,ORD,10
BHM,PBI,1
BHM,PHL,6
BHM,PHX,3
BHM,SDF,15
BHM,STL,7
BHM,TPA,5
BIL,DEN,19
BIL,GGW,2
BIL,HVR,1
BIL,MSP,4
BIL,OLF,1
BIL,SEA,11
BIL,SLC,5
BIS,DEN,11
BIS,MSP,53
BIS,ORD,2
BJI,MSP,17
BLI,HNL,2
BLI,SEA,17
BMI,ATL,18
BMI,MCO,1
BMI,ORD,9
BNA,ATL,173
BNA,AUS,9
BNA,BDL,5
BNA,BHM,3
BNA,BOS,3
BNA,BWI,160
BNA,CHS,4
BNA,CLE,12
BNA,CLT,113
BNA,CMH,10
BNA,CVG,9
BNA,DCA,121
BNA,DEN,52
BNA,DFW,141
BNA,DTW,20
BNA,EWR,7
BNA,FLL,14
BNA,GSP,2
BNA,HOU,39
BNA,IAD,59
BNA,IAH,15
BNA,JAX,34
BNA,JFK,10
BNA,LAS,38
BNA,LAX,15
BNA,LGA,12
BNA,MCI,34
BNA,MCO,13
BNA,MDW,66
BNA,MEM,19
BNA,MIA,12
BNA,MSP,14
BNA,MSY,10
BNA,OMA,1
BNA,ONT,6
BNA,ORD,73
BNA,ORF,68
BNA,PBI,1
BNA,PHL,57
BNA,PHX,39
BNA,PVD,9
BNA,RDU,104
BNA,RIC,1
BNA,SAN,25
BNA,SAT,152
BNA,SEA,34
BNA,SLC,8
BNA,SMF,3
BNA,STL,35
BNA,TPA,68
BOI,BNA,1
BOI,DEN,57
BOI,GEG,32
BOI,LAS,57
BOI,LAX,4
BOI,LWS,2
BOI,MSP,28
BOI,OAK,7
BOI,ONT,3
BOI,ORD,51
BOI,PDX,8
BOI,PHX,29
BOI,RNO,3
BOI,SAN,1
BOI,SEA,98
BOI,SFO,17
BOI,SJC,1
BOI,SLC,105
BOI,SMF,2
BOI,STL,1
BOS,ATL,270
BOS,AUG,5
BOS,AUS,2
BOS,BHB,2
BOS,BNA,3
BOS,BUF,10
BOS,BWI,186
BOS,CAK,1
BOS,CLE,4
BOS,CLT,135
BOS,CMH,12
BOS,CVG,11
BOS,DCA,437
BOS,DEN,59
BOS,DFW,204
BOS,DTW,33
BOS,EWR,16
BOS,FLL,2
BOS,HNL,2
BOS,HYA,3
BOS,IAD,107
BOS,IAH,1
BOS,IND,13
BOS,JAX,17
BOS,JFK,56
BOS,LAS,2
BOS,LAX,39
BOS,LEB,4
BOS,LGA,75
BOS,MCI,5
BOS,MCO,22
BOS,MDT,1
BOS,MDW,4
BOS,MEM,15
BOS,MIA,11
BOS,MKE,2
BOS,MSP,26
BOS,MSY,4
BOS,ORD,209
BOS,ORF,41
BOS,PDX,3
BOS,PHF,56
BOS,PHL,143
BOS,PHX,12
BOS,PIT,14
BOS,PQI,7
BOS,PVC,1
BOS,RDU,26
BOS,RIC,44
BOS,RUT,1
BOS,SAN,58
BOS,SEA,41
BOS,SFO,20
BOS,SJC,1
BOS,SJU,3
BOS,SLC,10
BOS,STL,33
BOS,SYR,15
BOS,TPA,13
BPT,IAH,15
BQK,ATL,11
BQN,EWR,2
BRD,MSP,18
BRO,DFW,5
BRO,IAH,4
BTI,SCC,1
BTM,SLC,7
BTR,ATL,19
BTR,CLT,1
BTR,DFW,26
BTR,IAH,2
BTR,MEM,5
BTV,DCA,17
BTV,DTW,57
BTV,EWR,3
BTV,IAD,12
BTV,JFK,13
BTV,LGA,1
BTV,ORD,27
BTV,PHL,36
BUF,ATL,91
BUF,BOS,13
BUF,BWI,30
BUF,CLT,18
BUF,DCA,8
BUF,DTW,10
BUF,EWR,15
BUF,IAD,83
BUF,JFK,22
BUF,LAS,6
BUF,LGA,4
BUF,MCO,2
BUF,MDW,10
BUF,ORD,106
BUF,PHL,28
BUF,PHX,1
BUR,DEN,7
BUR,DFW,46
BUR,IND,1
BUR,LAS,22
BUR,OAK,13
BUR,OMA,1
BUR,PDX,5
BUR,PHX,21
BUR,SDF,1
BUR,SEA,7
BUR,SFO,3
BUR,SJC,5
BUR,SLC,27
BUR,SMF,31
BWI,ABQ,25
BWI,ALB,83
BWI,ATL,576
BWI,AUS,56
BWI,BDL,55
BWI,BHM,47
BWI,BNA,164
BWI,BOS,182
BWI,BUF,30
BWI,CHS,25
BWI,CLE,48
BWI,CLT,336
BWI,CMH,215
BWI,CVG,7
BWI,DAL,2
BWI,DAY,67
BWI,DEN,219
BWI,DFW,453
BWI,DTW,170
BWI,ELP,2
BWI,EWR,65
BWI,FLL,12
BWI,GRR,4
BWI,GSP,2
BWI,HGR,10
BWI,HOU,56
BWI,HSV,54
BWI,IAH,21
BWI,IND,62
BWI,ISP,49
BWI,JAN,22
BWI,JAX,130
BWI,JFK,36
BWI,LAS,109
BWI,LAX,74
BWI,LGA,12
BWI,LIT,54
BWI,LNS,3
BWI,MCI,52
BWI,MCO,90
BWI,MDW,43
BWI,MEM,41
BWI,MHT,120
BWI,MIA,49
BWI,MKE,46
BWI,MLI,1
BWI,MSP,112
BWI,MSY,59
BWI,OAK,4
BWI,OKC,22
BWI,OMA,4
BWI,ONT,3
BWI,ORD,252
BWI,ORF,380
BWI,PBI,39
BWI,PHL,84
BWI,PHX,111
BWI,PIT,17
BWI,PVD,520
BWI,PWM,18
BWI,RDU,109
BWI,RNO,9
BWI,ROC,7
BWI,RSW,3
BWI,SAN,296
BWI,SAT,417
BWI,SDF,150
BWI,SEA,67
BWI,SFO,36
BWI,SJC,8
BWI,SJU,8
BWI,SLC,162
BWI,STL,229
BWI,TPA,201
BZN,DEN,2
BZN,MSP,4
BZN,SEA,1
BZN,SLC,4
CAE,ATL,504
CAE,CLT,155
CAE,CVG,2
CAE,DCA,49
CAE,DFW,132
CAE,DTW,44
CAE,IAD,142
CAE,IAH,7
CAE,LGA,2
CAE,ORD,51
CAE,PHL,36
CAK,ATL,22
CAK,CLT,5
CAK,DCA,1
CAK,DTW,3
CAK,MCO,2
CAK,ORD,1
CAK,PHL,2
CDC,SLC,9
CDV,ANC,1
CEC,SFO,1
CGI,STL,1
CHA,ATL,25
CHA,CLT,6
CHA,DFW,1
CHA,ORD,6
CHO,ATL,27
CHO,CLT,18
CHO,IAD,31
CHO,LGA,1
CHO,ORD,3
CHO,PHL,1
CHS,ATL,225
CHS,BNA,4
CHS,BWI,28
CHS,CLT,211
CHS,DCA,116
CHS,DFW,142
CHS,DTW,19
CHS,EWR,6
CHS,HOU,4
CHS,IAD,113
CHS,IAH,11
CHS,LGA,8
CHS,MDW,6
CHS,MIA,14
CHS,ORD,38
CHS,PHL,39
CHS,PVD,1
CIC,SFO,2
CID,ATL,2
CID,DEN,3
CID,DFW,7
CID,DTW,11
CID,MSP,6
CID,ORD,48
CIU,DTW,4
CKB,IAD,15
CKB,MGW,11
CLD,LAX,72
CLE,ALB,11
CLE,ATL,41
CLE,BFD,4
CLE,BNA,1
CLE,BOS,3
CLE,BTV,1
CLE,BUF,1
CLE,BWI,64
CLE,CLT,15
CLE,CMH,7
CLE,CVG,1
CLE,DAY,2
CLE,DCA,33
CLE,DEN,7
CLE,DFW,24
CLE,DTW,10
CLE,ERI,8
CLE,EWR,14
CLE,FKL,1
CLE,GRB,3
CLE,HNL,1
CLE,IAD,22
CLE,IAH,14
CLE,IND,9
CLE,JFK,6
CLE,JHW,4
CLE,LAS,7
CLE,LAX,7
CLE,LGA,2
CLE,MCI,7
CLE,MCO,1
CLE,MDT,4
CLE,MDW,14
CLE,MEM,3
CLE,MHT,6
CLE,MIA,1
CLE,MKE,11
CLE,MSP,10
CLE,MSY,1
CLE,ORD,62
CLE,ORF,4
CLE,PDX,1
CLE,PHL,31
CLE,PHX,1
CLE,PIT,1
CLE,PKB,1
CLE,PVD,8
CLE,PWM,1
CLE,RDU,3
CLE,RIC,8
CLE,ROC,1
CLE,SBN,1
CLE,SDF,26
CLE,SEA,11
CLE,SFO,1
CLE,STL,6
CLE,SYR,7
CLE,TPA,3
CLL,DFW,21
CLL,IAH,3
CLT,AGS,120
CLT,ALB,14
CLT,ATL,106
CLT,AUS,10
CLT,AVL,8
CLT,AVP,9
CLT,BDL,25
CLT,BHM,55
CLT,BNA,123
CLT,BOS,47
CLT,BTR,1
CLT,BUF,7
CLT,BWI,377
CLT,CAE,191
CLT,CAK,5
CLT,CHA,4
CLT,CHO,20
CLT,CHS,188
CLT,CLE,12
CLT,CMH,8
CLT,CRW,12
CLT,CVG,9
CLT,DAB,6
CLT,DAY,45
CLT,DCA,388
CLT,DEN,39
CLT,DFW,163
CLT,DTW,15
CLT,EWN,183
CLT,EWR,58
CLT,FAY,463
CLT,FLL,32
CLT,FLO,16
CLT,GNV,8
CLT,GPT,157
CLT,GSO,6
CLT,GSP,17
CLT,HHH,9
CLT,HPN,1
CLT,HSV,239
CLT,HTS,7
CLT,IAD,105
CLT,IAH,24
CLT,ILM,33
CLT,IND,62
CLT,JAN,27
CLT,JAX,126
CLT,JFK,8
CLT,LAS,59
CLT,LAX,42
CLT,LEX,19
CLT,LGA,24
CLT,LIT,30
CLT,LYH,11
CLT,MCI,107
CLT,MCO,80
CLT,MDT,29
CLT,MEM,87
CLT,MGM,42
CLT,MHT,3
CLT,MIA,33
CLT,MKE,11
CLT,MLB,14
CLT,MOB,17
CLT,MSP,25
CLT,MSY,113
CLT,MYR,7
CLT,OAJ,584
CLT,ORD,94
CLT,ORF,510
CLT,PBI,14
CLT,PGV,14
CLT,PHF,221
CLT,PHL,223
CLT,PHX,343
CLT,PIT,8
CLT,PNS,136
CLT,PVD,73
CLT,PWM,3
CLT,RDU,89
CLT,RIC,161
CLT,ROA,9
CLT,ROC,2
CLT,RSW,6
CLT,SAN,94
CLT,SAT,117
CLT,SAV,237
CLT,SDF,134
CLT,SEA,87
CLT,SFO,15
CLT,SJU,29
CLT,SMF,1
CLT,SRQ,1
CLT,STL,161
CLT,STT,1
CLT,SYR,10
CLT,TLH,19
CLT,TPA,174
CLT,TRI,3
CLT,TYS,19
CLT,VPS,181
CMH,ATL,80
CMH,BNA,10
CMH,BOS,7
CMH,BWI,214
CMH,CLE,9
CMH,CLT,18
CMH,DCA,46
CMH,DEN,20
CMH,DFW,81
CMH,DTW,10
CMH,EWR,6
CMH,IAD,57
CMH,IAH,5
CMH,JFK,5
CMH,LAS,1
CMH,LGA,6
CMH,MCI,3
CMH,MCO,7
CMH,MDW,10
CMH,MEM,23
CMH,MIA,1
CMH,MKE,1
CMH,MSP,7
CMH,ONT,1
CMH,ORD,133
CMH,PDX,1
CMH,PHL,33
CMH,PHX,9
CMH,RDU,1
CMH,RIC,2
CMH,STL,21
CMH,TPA,15
CMI,DFW,1
CMI,ORD,42
CMX,MSP,2
CMX,ORD,2
CNY,DEN,1
COD,SLC,1
COS,ATL,136
COS,DEN,349
COS,DFW,436
COS,IAD,42
COS,IAH,7
COS,LAX,62
COS,MSP,18
COS,ORD,128
COS,SAT,10
COS,SFO,25
COS,SLC,61
COU,MEM,15
CPR,DEN,3
CPR,SLC,2
CRP,DAL,1
CRP,DFW,237
CRP,HOU,38
CRP,IAH,58
CRP,MCI,3
CRP,OKC,1
CRW,ATL,49
CRW,CLT,12
CRW,CVG,4
CRW,DCA,9
CRW,DTW,19
CRW,IAD,20
CRW,ORD,9
CSG,ATL,644
CSG,DFW,123
CVG,ATL,34
CVG,BDL,2
CVG,BHM,1
CVG,BNA,12
CVG,BOS,8
CVG,BWI,26
CVG,CLE,1
CVG,CLT,11
CVG,CMH,1
CVG,DAY,3
CVG,DCA,65
CVG,DEN,6
CVG,DFW,16
CVG,DSM,1
CVG,DTW,27
CVG,EVV,1
CVG,EWR,14
CVG,GRR,2
CVG,HSV,1
CVG,HTS,4
CVG,IAD,12
CVG,IAH,5
CVG,IND,2
CVG,JAX,2
CVG,JFK,2
CVG,LAS,10
CVG,LAX,7
CVG,LGA,3
CVG,MCI,4
CVG,MDT,8
CVG,MEM,8
CVG,MIA,4
CVG,MKE,1
CVG,MSP,12
CVG,MSY,1
CVG,OMA,5
CVG,ORD,59
CVG,ORF,16
CVG,PHL,16
CVG,PIT,5
CVG,PVD,1
CVG,RDU,12
CVG,RIC,7
CVG,SAN,32
CVG,SBN,1
CVG,SDF,12
CVG,SEA,16
CVG,SFO,2
CVG,SLC,10
CVG,STL,5
CVG,SYR,8
CVG,TPA,3
CVG,TYS,1
CVN,ABQ,8
CWA,DTW,1
CWA,MSP,20
CWA,ORD,21
CYS,DEN,20
CYS,DFW,17
DAB,ATL,10
DAB,CLT,2
DAL,ABQ,14
DAL,AMA,11
DAL,AUS,31
DAL,BHM,3
DAL,BNA,3
DAL,BWI,5
DAL,CRP,4
DAL,DEN,9
DAL,ELP,35
DAL,HOU,35
DAL,IAH,5
DAL,LBB,17
DAL,LIT,36
DAL,MAF,2
DAL,MCI,26
DAL,MCO,1
DAL,MEM,7
DAL,MSY,21
DAL,OKC,66
DAL,SAN,2
DAL,SAT,136
DAL,SDF,1
DAL,STL,195
DAL,TUL,48
DAY,ATL,246
DAY,BWI,67
DAY,CLE,4
DAY,CLT,41
DAY,CVG,2
DAY,DCA,108
DAY,DEN,43
DAY,DFW,102
DAY,DTW,14
DAY,EWR,3
DAY,IAD,90
DAY,LGA,4
DAY,MCO,4
DAY,MSP,22
DAY,OMA,2
DAY,ORD,133
DAY,PHL,24
DAY,STL,1
DAY,TPA,1
DBQ,ORD,6
DCA,ALB,13
DCA,ATL,1256
DCA,BDL,48
DCA,BGR,1
DCA,BNA,107
DCA,BOS,436
DCA,BTV,20
DCA,BUF,8
DCA,CAE,73
DCA,CHA,2
DCA,CHS,133
DCA,CLE,32
DCA,CLT,366
DCA,CMH,56
DCA,CRW,12
DCA,CVG,51
DCA,DAY,102
DCA,DEN,128
DCA,DFW,1646
DCA,DSM,3
DCA,DTW,270
DCA,ELP,2
DCA,EWR,105
DCA,FLL,20
DCA,GRR,7
DCA,GSO,3
DCA,GSP,8
DCA,HNL,4
DCA,HPN,9
DCA,HSV,409
DCA,IAH,60
DCA,IND,234
DCA,JAN,25
DCA,JAX,126
DCA,JFK,73
DCA,LAS,28
DCA,LAX,40
DCA,LEX,3
DCA,LGA,103
DCA,MCI,155
DCA,MCO,192
DCA,MEM,140
DCA,MHT,25
DCA,MIA,177
DCA,MKE,45
DCA,MSN,6
DCA,MSP,178
DCA,MSY,134
DCA,OKC,4
DCA,OMA,131
DCA,ORD,857
DCA,ORF,64
DCA,PBI,11
DCA,PHL,108
DCA,PHX,138
DCA,PIT,22
DCA,PVD,144
DCA,PWM,15
DCA,RDU,151
DCA,RNO,19
DCA,ROC,4
DCA,SAV,1
DCA,SDF,112
DCA,SEA,224
DCA,SFO,6
DCA,SLC,64
DCA,SNA,2
DCA,SRQ,1
DCA,STL,321
DCA,SYR,17
DCA,TPA,352
DCA,TYS,16
DCA,VPS,1
DDC,GBD,1
DEN,ABQ,56
DEN,ALS,3
DEN,AMA,3
DEN,ANC,2
DEN,ASE,3
DEN,ATL,206
DEN,AUS,14
DEN,BDL,3
DEN,BFF,2
DEN,BFL,5
DEN,BHM,8
DEN,BIL,18
DEN,BIS,6
DEN,BNA,67
DEN,BOI,52
DEN,BOS,45
DEN,BUR,7
DEN,BWI,302
DEN,BZN,2
DEN,CID,3
DEN,CLE,12
DEN,CLT,61
DEN,CMH,19
DEN,CNY,1
DEN,COD,1
DEN,COS,299
DEN,CPR,3
DEN,CVG,10
DEN,CYS,20
DEN,DAL,1
DEN,DAY,39
DEN,DCA,175
DEN,DDC,1
DEN,DFW,230
DEN,DRO,2
DEN,DSM,44
DEN,DTW,38
DEN,EAR,5
DEN,ELP,64
DEN,EUG,3
DEN,EWR,14
DEN,FAR,4
DEN,FAT,12
DEN,FCA,3
DEN,FLL,5
DEN,FMN,1
DEN,FSD,21
DEN,GBD,1
DEN,GCC,9
DEN,GCK,2
DEN,GEG,79
DEN,GJT,5
DEN,GRR,2
DEN,GTF,58
DEN,HDN,3
DEN,HLN,11
DEN,HNL,141
DEN,HON,1
DEN,HOU,13
DEN,HSV,47
DEN,HYS,12
DEN,IAD,292
DEN,IAH,22
DEN,ICT,25
DEN,IDA,14
DEN,IND,26
DEN,ISN,1
DEN,JAC,7
DEN,JAX,12
DEN,JFK,10
DEN,LAR,3
DEN,LAS,68
DEN,LAX,180
DEN,LBB,2
DEN,LBF,2
DEN,LGA,7
DEN,LIT,37
DEN,LNK,4
DEN,MAF,1
DEN,MCI,87
DEN,MCK,1
DEN,MCO,36
DEN,MDW,30
DEN,MEM,34
DEN,MFR,9
DEN,MIA,5
DEN,MKE,13
DEN,MLI,12
DEN,MOT,3
DEN,MRY,19
DEN,MSN,10
DEN,MSO,7
DEN,MSP,37
DEN,MSY,33
DEN,OAK,34
DEN,OKC,114
DEN,OMA,222
DEN,ONT,37
DEN,ORD,112
DEN,PDX,49
DEN,PHF,3
DEN,PHL,93
DEN,PHX,79
DEN,PIA,3
DEN,PIR,2
DEN,PIT,6
DEN,PSC,9
DEN,PSP,16
DEN,PUB,9
DEN,RAP,92
DEN,RDM,5
DEN,RDU,31
DEN,RIW,4
DEN,RKS,1
DEN,RNO,80
DEN,SAN,271
DEN,SAT,129
DEN,SBA,10
DEN,SDF,37
DEN,SEA,224
DEN,SFO,60
DEN,SGF,4
DEN,SHR,2
DEN,SJC,52
DEN,SLC,240
DEN,SMF,102
DEN,SNA,28
DEN,STL,158
DEN,TPA,46
DEN,TUL,15
DEN,TUS,107
DEN,TYS,8
DFW,ABI,276
DFW,ABQ,289
DFW,ACT,31
DFW,AEX,123
DFW,AGS,75
DFW,AMA,28
DFW,ANC,22
DFW,ATL,494
DFW,AUS,160
DFW,BDL,40
DFW,BHM,35
DFW,BNA,135
DFW,BOS,163
DFW,BRO,4
DFW,BTR,23
DFW,BUR,36
DFW,BWI,506
DFW,CAE,171
DFW,CHA,2
DFW,CHS,136
DFW,CID,9
DFW,CLE,39
DFW,CLL,22
DFW,CLT,118
DFW,CMH,91
DFW,CMI,4
DFW,COS,444
DFW,CRP,251
DFW,CSG,153
DFW,CVG,17
DFW,CYS,16
DFW,DAY,97
DFW,DCA,1667
DFW,DEN,255
DFW,DSM,26
DFW,DTW,136
DFW,ELP,1069
DFW,EWR,95
DFW,FAT,91
DFW,FAY,148
DFW,FLL,21
DFW,FSD,12
DFW,FSM,24
DFW,FWA,4
DFW,GEG,3
DFW,GGG,3
DFW,GJT,2
DFW,GPT,196
DFW,GRI,10
DFW,GRK,854
DFW,GRR,5
DFW,GSO,6
DFW,GSP,13
DFW,HNL,327
DFW,HOU,52
DFW,HSV,492
DFW,IAD,232
DFW,IAH,120
DFW,ICT,68
DFW,IND,170
DFW,JAN,95
DFW,JAX,242
DFW,JFK,20
DFW,JLN,6
DFW,LAS,295
DFW,LAW,486
DFW,LAX,698
DFW,LBB,55
DFW,LCH,20
DFW,LEX,17
DFW,LFT,7
DFW,LGA,87
DFW,LIT,215
DFW,LRD,8
DFW,MAF,14
DFW,MCI,273
DFW,MCO,206
DFW,MEM,85
DFW,MFE,12
DFW,MGM,109
DFW,MHK,250
DFW,MIA,142
DFW,MKE,22
DFW,MLI,61
DFW,MLU,5
DFW,MOB,40
DFW,MSN,12
DFW,MSP,128
DFW,MSY,193
DFW,MTJ,1
DFW,OAK,1
DFW,OGG,4
DFW,OKC,448
DFW,OMA,159
DFW,ONT,325
DFW,ORD,290
DFW,ORF,392
DFW,PBI,5
DFW,PDX,86
DFW,PHL,274
DFW,PHX,256
DFW,PIA,7
DFW,PIT,63
DFW,PNS,243
DFW,PSP,40
DFW,RAP,33
DFW,RDU,275
DFW,RIC,283
DFW,RNO,110
DFW,ROW,32
DFW,RSW,3
DFW,SAF,1
DFW,SAN,1363
DFW,SAT,2163
DFW,SAV,140
DFW,SDF,250
DFW,SEA,909
DFW,SFO,175
DFW,SGF,86
DFW,SHV,345
DFW,SJC,118
DFW,SJT,195
DFW,SJU,74
DFW,SLC,316
DFW,SMF,171
DFW,SNA,110
DFW,SPI,1
DFW,SPS,164
DFW,STL,349
DFW,TLH,4
DFW,TPA,312
DFW,TUL,95
DFW,TUS,679
DFW,TXK,144
DFW,TYR,4
DFW,TYS,19
DFW,VPS,373
DFW,XNA,15
DHN,ATL,351
DLH,DTW,3
DLH,MSP,7
DLH,ORD,14
DRO,DEN,2
DRO,PHX,1
DRT,IAH,5
DSM,ATL,66
DSM,DCA,5
DSM,DEN,40
DSM,DFW,88
DSM,DTW,5
DSM,MEM,4
DSM,MSP,17
DSM,ORD,193
DTW,ABE,7
DTW,ALB,18
DTW,ANC,3
DTW,APN,11
DTW,ATL,477
DTW,ATW,4
DTW,AUS,11
DTW,AVP,19
DTW,AZO,37
DTW,BDL,10
DTW,BGM,1
DTW,BGR,5
DTW,BHM,21
DTW,BNA,21
DTW,BOS,37
DTW,BTV,58
DTW,BUF,5
DTW,BWI,169
DTW,CAE,78
DTW,CAK,7
DTW,CHA,1
DTW,CHS,16
DTW,CID,7
DTW,CIU,3
DTW,CLE,18
DTW,CLT,38
DTW,CMH,17
DTW,CRW,11
DTW,CVG,28
DTW,CWA,3
DTW,DAY,9
DTW,DCA,237
DTW,DEN,29
DTW,DFW,143
DTW,DLH,8
DTW,DSM,9
DTW,ELM,1
DTW,ERI,14
DTW,EVV,7
DTW,EWR,66
DTW,FLL,1
DTW,FNT,13
DTW,FSD,1
DTW,FWA,5
DTW,GRB,36
DTW,GRR,31
DTW,HSV,70
DTW,HTS,7
DTW,IAD,57
DTW,IAH,24
DTW,IND,42
DTW,ITH,1
DTW,JAX,10
DTW,JFK,14
DTW,LAN,40
DTW,LAS,23
DTW,LAX,41
DTW,LEX,13
DTW,LGA,19
DTW,LIT,24
DTW,LSE,26
DTW,MBS,15
DTW,MCI,36
DTW,MCO,16
DTW,MDT,55
DTW,MDW,18
DTW,MEM,60
DTW,MHT,24
DTW,MIA,12
DTW,MKE,8
DTW,MKG,1
DTW,MLI,65
DTW,MQT,1
DTW,MSN,17
DTW,MSP,74
DTW,MSY,7
DTW,OKC,72
DTW,OMA,23
DTW,ORD,142
DTW,ORF,177
DTW,PBI,2
DTW,PDX,2
DTW,PHL,90
DTW,PHX,33
DTW,PIT,27
DTW,PLN,6
DTW,PVD,53
DTW,PVG,1
DTW,PWM,22
DTW,RDU,47
DTW,RIC,68
DTW,ROA,4
DTW,RST,1
DTW,RSW,1
DTW,SAN,136
DTW,SAT,123
DTW,SAV,7
DTW,SBN,6
DTW,SCE,3
DTW,SDF,51
DTW,SEA,59
DTW,SFO,7
DTW,SLC,112
DTW,STL,81
DTW,SWF,19
DTW,SYR,47
DTW,TOL,2
DTW,TPA,10
DTW,TRI,1
DTW,TUL,3
DTW,TVC,7
DTW,TYS,4
DVL,JMS,17
DVL,MSP,37
EAR,DEN,4
EAT,SEA,3
EAU,ORD,24
EGE,DEN,2
EGE,DFW,1
EKO,SLC,1
ELM,DTW,4
ELM,PHL,9
ELP,ABQ,30
ELP,ATL,213
ELP,AUS,42
ELP,BNA,6
ELP,BWI,3
ELP,CLT,1
ELP,DAL,51
ELP,DEN,51
ELP,DFW,984
ELP,HOU,33
ELP,IAD,3
ELP,IAH,46
ELP,LAS,77
ELP,LAX,65
ELP,MCO,1
ELP,ORD,148
ELP,PHX,222
ELP,SAN,39
ELP,SAT,150
ELP,SDF,1
ELP,SLC,1
ENA,ANC,2
ERI,CLE,4
ERI,DTW,7
ERI,PHL,5
ESC,DTW,2
ESC,IMT,1
EUG,DEN,7
EUG,PDX,11
EUG,SEA,6
EUG,SFO,6
EUG,SLC,2
EVV,ATL,20
EVV,DTW,5
EVV,ORD,16
EWN,ATL,74
EWN,CLT,126
EWR,ALB,8
EWR,ATL,243
EWR,AUS,4
EWR,AVP,8
EWR,BNA,4
EWR,BOS,9
EWR,BQN,4
EWR,BTV,1
EWR,BUF,7
EWR,BWI,40
EWR,CHS,12
EWR,CLE,19
EWR,CLT,79
EWR,CMH,5
EWR,CVG,17
EWR,DAY,8
EWR,DCA,74
EWR,DEN,23
EWR,DFW,94
EWR,DTW,63
EWR,FLL,4
EWR,GRR,1
EWR,GSO,2
EWR,HNL,43
EWR,HOU,1
EWR,IAD,113
EWR,IAH,23
EWR,IND,7
EWR,JAX,10
EWR,LAS,4
EWR,LAX,32
EWR,LIT,2
EWR,MCI,12
EWR,MCO,14
EWR,MDT,5
EWR,MDW,4
EWR,MEM,28
EWR,MHT,5
EWR,MIA,25
EWR,MKE,2
EWR,MSP,30
EWR,MSY,8
EWR,OKC,7
EWR,OMA,11
EWR,ORD,312
EWR,ORF,92
EWR,PBI,5
EWR,PDX,2
EWR,PHL,30
EWR,PHX,90
EWR,PIT,4
EWR,PVD,27
EWR,PVG,1
EWR,PWM,6
EWR,RDU,26
EWR,RIC,15
EWR,ROC,6
EWR,SAN,28
EWR,SAT,5
EWR,SAV,24
EWR,SDF,4
EWR,SEA,19
EWR,SFO,21
EWR,SJU,9
EWR,SLC,6
EWR,SNA,2
EWR,STL,16
EWR,SYR,1
EWR,TPA,31
EWR,TYS,1
EWR,VPS,1
EYW,ATL,65
EYW,FLL,2
EYW,MIA,83
EYW,TPA,8
FAI,ANC,71
FAI,BTI,2
FAI,MSP,28
FAI,SEA,121
FAR,DEN,23
FAR,MSP,42
FAR,ORD,92
FAR,SLC,5
FAT,DEN,13
FAT,DFW,60
FAT,LAS,6
FAT,LAX,105
FAT,PDX,4
FAT,PHX,27
FAT,SAN,4
FAT,SEA,19
FAT,SFO,21
FAT,SLC,16
FAY,ATL,1108
FAY,CLT,565
FAY,DFW,171
FAY,IAD,1
FAY,SDF,1
FCA,DEN,2
FCA,MSP,5
FCA,SEA,4
FCA,SLC,6
FLG,PHX,7
FLL,ALB,1
FLL,ATL,65
FLL,AUS,1
FLL,BNA,19
FLL,BOS,3
FLL,BWI,12
FLL,CLT,42
FLL,CVG,2
FLL,DCA,18
FLL,DEN,6
FLL,DFW,23
FLL,DTW,3
FLL,EWR,8
FLL,EYW,2
FLL,IAD,2
FLL,IAH,1
FLL,JAX,31
FLL,JFK,4
FLL,LAX,3
FLL,LGA,4
FLL,MCO,2
FLL,MEM,5
FLL,MSY,13
FLL,ORD,11
FLL,ORF,1
FLL,PHL,7
FLL,PHX,4
FLL,PVD,1
FLL,RDU,5
FLL,RIC,2
FLL,SEA,3
FLL,SJU,4
FLL,STL,2
FLL,TPA,11
FLO,CLT,14
FMN,DEN,1
FNT,ATL,31
FNT,DTW,4
FNT,MSP,2
FNT,ORD,22
FOD,MSP,1
FSD,DEN,20
FSD,DFW,9
FSD,MSP,51
FSD,ORD,87
FSM,DFW,29
FSM,MEM,19
FWA,ATL,10
FWA,DFW,3
FWA,DTW,7
FWA,MSP,3
FWA,ORD,26
GCC,DEN,6
GCC,ISN,2
GCC,SLC,2
GCK,DEN,1
GEG,BOI,30
GEG,DEN,127
GEG,DFW,5
GEG,LAS,13
GEG,MCI,2
GEG,MSP,86
GEG,OAK,2
GEG,ORD,1
GEG,PDX,31
GEG,PHX,18
GEG,RNO,2
GEG,SEA,208
GEG,SFO,7
GEG,SLC,119
GEG,SMF,3
GEO,JFK,1
GFK,IND,1
GFK,MSP,73
GGG,DFW,3
GGW,BIL,3
GGW,OLF,3
GJT,DEN,4
GJT,DFW,2
GJT,SLC,5
GLH,MEM,1
GNV,ATL,14
GNV,CLT,7
GPT,ATL,512
GPT,CLT,185
GPT,DFW,286
GPT,IAH,55
GPT,MEM,49
GRB,DTW,34
GRB,MKE,1
GRB,MSP,24
GRB,ORD,60
GRI,DFW,6
GRK,ATL,139
GRK,CSG,1
GRK,DFW,729
GRK,IAH,32
GRR,ATL,11
GRR,BWI,4
GRR,CVG,2
GRR,DCA,1
GRR,DEN,1
GRR,DFW,5
GRR,DTW,23
GRR,MKE,1
GRR,MSP,3
GRR,ORD,24
GSO,ATL,26
GSO,CLT,5
GSO,DCA,3
GSO,DFW,8
GSO,DTW,1
GSO,EWR,4
GSO,IAD,4
GSO,IAH,1
GSO,LGA,2
GSO,ORD,5
GSO,PHL,5
GSP,ATL,71
GSP,BNA,2
GSP,BWI,5
GSP,CLT,14
GSP,CVG,2
GSP,DCA,6
GSP,DFW,10
GSP,DTW,2
GSP,HOU,3
GSP,IAD,6
GSP,MCO,2
GSP,MDW,4
GSP,ORD,20
GSP,PHL,2
GTF,DEN,60
GTF,HLN,18
GTF,MSP,26
GTF,SEA,22
GTF,SLC,35
GTR,ATL,47
GTR,MEM,17
GUM,HNL,319
GUM,IAH,85
GUM,ORD,4
GUM,ROR,4
GUM,SAT,2
GUM,SPN,30
GUM,YAP,2
HDN,DEN,3
HGR,BWI,7
HHH,CLT,6
HHH,DCA,1
HIB,MSP,2
HLN,DEN,13
HLN,GTF,9
HLN,MSP,19
HLN,SEA,20
HLN,SLC,20
HNL,ANC,20
HNL,ATL,404
HNL,BLI,5
HNL,DEN,148
HNL,DFW,360
HNL,EWR,60
HNL,GUM,346
HNL,IAD,2
HNL,IAH,72
HNL,ITO,113
HNL,KOA,86
HNL,LAS,26
HNL,LAX,834
HNL,LIH,104
HNL,LNY,5
HNL,LUP,1
HNL,MKK,4
HNL,MSP,28
HNL,OAK,14
HNL,OGG,92
HNL,ORD,202
HNL,PDX,20
HNL,PHX,50
HNL,PPG,34
HNL,SAN,131
HNL,SEA,256
HNL,SFO,289
HNL,SJC,4
HNL,SLC,96
HNL,SMF,20
HOB,ABQ,1
HOB,IAH,1
HOM,ANC,2
HOM,SOV,1
HOU,ABQ,7
HOU,ATL,48
HOU,AUS,10
HOU,BHM,5
HOU,BNA,16
HOU,BWI,51
HOU,CHS,1
HOU,CRP,43
HOU,CVG,1
HOU,DAL,32
HOU,DEN,12
HOU,DFW,53
HOU,ELP,35
HOU,EWR,1
HOU,FLL,1
HOU,GSP,3
HOU,HRL,8
HOU,JAN,9
HOU,JAX,7
HOU,LAS,34
HOU,LAX,11
HOU,LIT,12
HOU,MAF,1
HOU,MCI,1
HOU,MCO,9
HOU,MDW,12
HOU,MSY,24
HOU,OAK,7
HOU,OKC,16
HOU,PDX,1
HOU,PHL,1
HOU,PHX,13
HOU,SAN,26
HOU,SAT,105
HOU,SEA,1
HOU,SJC,1
HOU,SMF,1
HOU,SNA,1
HOU,STL,21
HOU,TPA,7
HOU,TUL,18
HPN,ATL,9
HPN,CLT,1
HPN,DCA,10
HPN,DTW,2
HPN,IAD,4
HRL,HOU,9
HRL,IAH,10
HRL,OAK,2
HRL,SAT,7
HSV,ATL,499
HSV,BWI,60
HSV,CLT,251
HSV,CVG,1
HSV,DCA,399
HSV,DEN,40
HSV,DFW,465
HSV,DTW,68
HSV,ELP,18
HSV,IAD,72
HSV,IAH,36
HSV,MCO,5
HSV,MEM,51
HSV,ORD,113
HTS,CLT,10
HTS,CVG,3
HTS,DTW,2
HVN,PHL,5
HVR,BIL,2
HVR,LWT,1
HYA,BOS,2
HYS,DEN,13
IAD,ABE,5
IAD,ABQ,20
IAD,ALB,28
IAD,AOO,2
IAD,ATL,330
IAD,AUS,9
IAD,BDL,64
IAD,BGM,24
IAD,BKW,2
IAD,BNA,51
IAD,BOS,90
IAD,BTV,13
IAD,BUF,19
IAD,CAE,261
IAD,CHO,25
IAD,CHS,112
IAD,CKB,16
IAD,CLE,37
IAD,CLT,72
IAD,CMH,53
IAD,COS,33
IAD,CRW,14
IAD,CVG,12
IAD,DAY,76
IAD,DEN,262
IAD,DFW,178
IAD,DTW,49
IAD,EWR,59
IAD,FLL,2
IAD,GSO,5
IAD,GSP,7
IAD,HNL,4
IAD,HPN,4
IAD,HSV,86
IAD,IAH,33
IAD,IND,89
IAD,JAC,2
IAD,JAX,123
IAD,JFK,25
IAD,JST,4
IAD,LAS,46
IAD,LAX,716
IAD,LGA,15
IAD,LGB,8
IAD,MCI,65
IAD,MCO,69
IAD,MDT,101
IAD,MDW,6
IAD,MGW,34
IAD,MHT,25
IAD,MIA,30
IAD,MSP,59
IAD,MSY,71
IAD,OAK,2
IAD,OKC,111
IAD,ONT,2
IAD,ORD,222
IAD,ORF,462
IAD,PDX,10
IAD,PHL,99
IAD,PHX,20
IAD,PIT,23
IAD,PNS,13
IAD,PVD,226
IAD,PWM,21
IAD,RDU,114
IAD,RIC,162
IAD,ROA,5
IAD,ROC,13
IAD,SAN,394
IAD,SAT,121
IAD,SAV,116
IAD,SCE,18
IAD,SDF,22
IAD,SEA,157
IAD,SFO,253
IAD,SHD,4
IAD,SJU,7
IAD,SLC,46
IAD,SMF,15
IAD,STL,182
IAD,SYR,95
IAD,TPA,207
IAD,TUL,4
IAD,TYS,16
IAH,ABQ,9
IAH,ACT,6
IAH,AEX,34
IAH,AMA,5
IAH,ATL,72
IAH,AUS,10
IAH,BFL,2
IAH,BHM,11
IAH,BNA,31
IAH,BOS,5
IAH,BPT,13
IAH,BRO,3
IAH,BWI,34
IAH,CAE,13
IAH,CHS,8
IAH,CLE,9
IAH,CLL,4
IAH,CLT,24
IAH,CMH,5
IAH,COS,26
IAH,CRP,64
IAH,CVG,2
IAH,DAL,8
IAH,DAY,1
IAH,DCA,48
IAH,DEN,37
IAH,DFW,137
IAH,DRT,8
IAH,DSM,1
IAH,DTW,26
IAH,ELP,63
IAH,EWR,26
IAH,FLL,2
IAH,GPT,40
IAH,GRK,40
IAH,GRR,1
IAH,GSO,1
IAH,GSP,3
IAH,GUM,61
IAH,HNL,72
IAH,HOB,4
IAH,HRL,12
IAH,HSV,34
IAH,IAD,29
IAH,ICT,3
IAH,IND,15
IAH,JAN,20
IAH,JAX,24
IAH,LAS,16
IAH,LAX,52
IAH,LBB,5
IAH,LCH,5
IAH,LEX,2
IAH,LFT,2
IAH,LGA,1
IAH,LIT,21
IAH,LRD,2
IAH,MAF,4
IAH,MCI,27
IAH,MCO,8
IAH,MEM,11
IAH,MFE,15
IAH,MIA,9
IAH,MKE,3
IAH,MLU,1
IAH,MOB,4
IAH,MSP,9
IAH,MSY,70
IAH,OKC,25
IAH,OMA,11
IAH,ONT,22
IAH,ORD,62
IAH,ORF,56
IAH,PBI,2
IAH,PDX,6
IAH,PHL,28
IAH,PHX,29
IAH,PIT,6
IAH,PNS,47
IAH,PVD,2
IAH,RDU,14
IAH,RIC,10
IAH,RNO,4
IAH,RSW,2
IAH,SAN,89
IAH,SAT,123
IAH,SAV,11
IAH,SDF,17
IAH,SEA,65
IAH,SFO,17
IAH,SHV,16
IAH,SJC,12
IAH,SJU,10
IAH,SLC,10
IAH,SMF,16
IAH,SNA,6
IAH,STL,38
IAH,TPA,10
IAH,TUL,14
IAH,TUS,18
IAH,TYR,7
IAH,TYS,1
IAH,VPS,24
ICT,ATL,42
ICT,DEN,22
ICT,DFW,53
ICT,IAH,1
ICT,MEM,1
ICT,MSP,13
ICT,ORD,60
IDA,BOI,2
IDA,DEN,12
IDA,SLC,25
ILM,ATL,45
ILM,CLT,28
ILM,LGA,2
ILM,ORD,1
ILM,PHL,7
IMT,MSP,1
IND,ATL,352
IND,BDL,1
IND,BOS,16
IND,BUR,1
IND,BWI,73
IND,CLE,8
IND,CLT,121
IND,CVG,5
IND,DCA,224
IND,DEN,42
IND,DFW,317
IND,DTW,52
IND,EWR,10
IND,IAD,87
IND,IAH,13
IND,JFK,6
IND,LAS,18
IND,LAX,4
IND,LGA,1
IND,MCI,14
IND,MCO,11
IND,MDW,16
IND,MEM,12
IND,MKE,2
IND,MSP,39
IND,OAK,1
IND,OMA,1
IND,ONT,2
IND,ORD,339
IND,ORF,1
IND,PHL,25
IND,PHX,46
IND,RDU,6
IND,SAN,1
IND,SAT,7
IND,SLC,14
IND,SMF,2
IND,STL,1
IND,TPA,16
IPL,LAX,7
IPT,PHL,4
IRK,STL,1
ISN,DEN,1
ISN,GCC,1
ISP,BWI,44
ISP,MCO,3
ISP,MDW,6
ISP,PBI,1
ISP,PHL,3
ITH,PHL,2
ITO,HNL,116
ITO,LAX,1
IYK,LAX,138
JAC,DEN,8
JAC,ORD,2
JAC,SLC,5
JAN,ATL,142
JAN,BOS,1
JAN,BWI,21
JAN,CLT,35
JAN,DCA,30
JAN,DFW,79
JAN,HOU,13
JAN,IAH,23
JAN,LAX,1
JAN,MCO,6
JAN,MDW,12
JAN,MEM,21
JAN,SAT,2
JAX,ATL,530
JAX,BHM,1
JAX,BNA,34
JAX,BOS,19
JAX,BWI,107
JAX,CLT,124
JAX,CVG,5
JAX,DCA,138
JAX,DEN,18
JAX,DFW,296
JAX,DTW,14
JAX,ELP,3
JAX,EWR,12
JAX,FLL,33
JAX,HOU,9
JAX,IAD,116
JAX,IAH,17
JAX,JFK,5
JAX,LAS,8
JAX,LGA,5
JAX,MDW,1
JAX,MEM,37
JAX,MIA,84
JAX,MSP,10
JAX,ORD,80
JAX,ORF,287
JAX,PHL,51
JAX,PHX,1
JAX,PVD,3
JAX,SAT,3
JAX,SJU,5
JAX,TPA,25
JFK,ALB,1
JFK,ATL,65
JFK,AUH,12
JFK,AUS,5
JFK,BDL,2
JFK,BNA,6
JFK,BOS,39
JFK,BTV,13
JFK,BUF,31
JFK,BWI,32
JFK,CLE,4
JFK,CLT,20
JFK,CMH,11
JFK,CVG,1
JFK,DCA,63
JFK,DEN,11
JFK,DFW,4
JFK,DTW,12
JFK,FLL,5
JFK,GEO,7
JFK,IAD,30
JFK,IND,3
JFK,JAX,4
JFK,LAS,23
JFK,LAX,56
JFK,MCI,4
JFK,MCO,13
JFK,MIA,23
JFK,MSP,6
JFK,MSY,3
JFK,ORD,5
JFK,ORF,197
JFK,PBI,2
JFK,PDX,3
JFK,PHL,10
JFK,PHX,30
JFK,PIT,19
JFK,PRG,3
JFK,PWM,6
JFK,RDU,35
JFK,RIC,16
JFK,ROC,1
JFK,SAN,68
JFK,SAT,17
JFK,SEA,56
JFK,SFO,7
JFK,SJC,1
JFK,SJU,15
JFK,SLC,37
JFK,STL,20
JFK,SYR,20
JFK,TPA,16
JHW,BFD,2
JHW,CLE,1
JLN,DFW,5
JMS,DVL,24
JMS,MSP,16
JNU,ANC,1
JNU,PSG,1
JNU,SEA,3
JNU,SIT,1
JNU,WRG,1
JNU,YAK,1
JST,IAD,3
KCL,AKN,1
KOA,DEN,1
KOA,HNL,53
KOA,LAX,9
KOA,OGG,2
KOA,PHX,2
KOA,SFO,1
KTN,SEA,2
LAN,DTW,224
LAN,MSP,18
LAN,ORD,87
LAR,DEN,5
LAS,ABQ,35
LAS,ALB,6
LAS,AMA,1
LAS,ATL,284
LAS,AUS,10
LAS,BHM,6
LAS,BNA,47
LAS,BOI,33
LAS,BOS,2
LAS,BUF,3
LAS,BUR,25
LAS,BWI,132
LAS,CLE,7
LAS,CLT,69
LAS,CMH,6
LAS,CVG,13
LAS,DCA,37
LAS,DEN,62
LAS,DFW,248
LAS,DTW,44
LAS,ELP,69
LAS,EWR,8
LAS,FAT,22
LAS,FLL,1
LAS,GEG,17
LAS,HNL,51
LAS,HOU,39
LAS,IAD,60
LAS,IAH,19
LAS,IND,16
LAS,JAX,7
LAS,JFK,5
LAS,LAX,42
LAS,LBB,2
LAS,LGB,2
LAS,LIT,13
LAS,MCI,4
LAS,MCO,14
LAS,MDW,53
LAS,MEM,12
LAS,MIA,4
LAS,MKE,10
LAS,MSP,17
LAS,MSY,10
LAS,OAK,30
LAS,OKC,5
LAS,OMA,18
LAS,ONT,84
LAS,ORD,97
LAS,ORF,33
LAS,PDX,8
LAS,PHL,32
LAS,PHX,79
LAS,PIT,2
LAS,PSP,24
LAS,PVD,4
LAS,RDU,6
LAS,RNO,178
LAS,SAN,121
LAS,SAT,169
LAS,SDF,9
LAS,SEA,125
LAS,SFO,35
LAS,SJC,62
LAS,SLC,179
LAS,SMF,91
LAS,SNA,29
LAS,STL,23
LAS,TPA,7
LAS,TUL,5
LAS,TUS,83
LAW,ATL,1
LAW,DFW,298
LAX,ABQ,30
LAX,ANC,4
LAX,ATL,323
LAX,AUS,10
LAX,BFL,3
LAX,BNA,22
LAX,BOI,14
LAX,BOS,68
LAX,BWI,74
LAX,CLD,76
LAX,CLE,3
LAX,CLT,68
LAX,COS,79
LAX,CVG,11
LAX,DCA,52
LAX,DEN,163
LAX,DFW,647
LAX,DTW,63
LAX,ELP,77
LAX,EWR,46
LAX,FAT,122
LAX,FLL,4
LAX,HNL,736
LAX,HOU,16
LAX,HRL,1
LAX,IAD,718
LAX,IAH,55
LAX,IND,6
LAX,IPL,6
LAX,IYK,158
LAX,JFK,27
LAX,KOA,11
LAX,LAS,55
LAX,LIH,44
LAX,LIT,1
LAX,MCI,8
LAX,MCO,40
LAX,MDW,9
LAX,MEM,63
LAX,MIA,77
LAX,MKE,2
LAX,MRY,183
LAX,MSP,45
LAX,MSY,35
LAX,OAK,44
LAX,OGG,4
LAX,OKC,32
LAX,ORD,345
LAX,OXR,2
LAX,PDX,16
LAX,PHL,79
LAX,PHX,43
LAX,PIT,1
LAX,PSP,19
LAX,PVG,3
LAX,RDU,5
LAX,RNO,81
LAX,SAN,579
LAX,SAT,75
LAX,SBA,55
LAX,SBP,48
LAX,SEA,143
LAX,SFO,101
LAX,SJC,62
LAX,SLC,129
LAX,SMF,90
LAX,SMX,37
LAX,STL,94
LAX,STS,2
LAX,TPA,6
LAX,TUL,5
LAX,TUS,143
LAX,VIS,5
LAX,YUM,63
LBB,ABQ,1
LBB,DAL,20
LBB,DEN,1
LBB,DFW,65
LBB,IAH,3
LBB,LAS,2
LBB,MEM,2
LBF,DEN,1
LCH,DFW,16
LCH,IAH,4
LEB,BOS,5
LEX,ATL,29
LEX,CLT,27
LEX,DCA,4
LEX,DFW,20
LEX,DTW,12
LEX,ORD,36
LFT,ATL,2
LFT,DFW,7
LFT,IAH,2
LGA,ALB,3
LGA,ATL,138
LGA,BDL,1
LGA,BGR,16
LGA,BHM,3
LGA,BNA,8
LGA,BOS,42
LGA,BTV,5
LGA,BUF,11
LGA,BWI,16
LGA,CAE,63
LGA,CHS,4
LGA,CLE,3
LGA,CLT,22
LGA,CMH,7
LGA,CVG,3
LGA,DAY,3
LGA,DCA,113
LGA,DEN,6
LGA,DFW,109
LGA,DTW,11
LGA,FLL,2
LGA,GSO,1
LGA,HNL,1
LGA,IAD,12
LGA,IAH,2
LGA,IND,3
LGA,JAX,6
LGA,LEX,1
LGA,MCI,5
LGA,MCO,8
LGA,MDW,1
LGA,MEM,5
LGA,MHT,9
LGA,MIA,7
LGA,MKE,5
LGA,MSP,4
LGA,MSY,6
LGA,ORD,132
LGA,ORF,65
LGA,PBI,1
LGA,PHF,5
LGA,PHL,7
LGA,PHX,1
LGA,PIT,3
LGA,PVD,2
LGA,PWM,3
LGA,RDU,22
LGA,RIC,11
LGA,ROA,1
LGA,ROC,3
LGA,SAN,2
LGA,SAT,1
LGA,SAV,139
LGA,SDF,16
LGA,STL,46
LGA,SYR,26
LGA,TPA,8
LGB,IAD,10
LGB,LAS,1
LGB,PHX,20
LGB,SAT,1
LGB,SEA,15
LGB,SLC,21
LIH,HNL,137
LIH,LAX,32
LIH,OGG,1
LIH,PHX,3
LIH,SFO,4
LIT,ATL,232
LIT,BHM,2
LIT,BWI,91
LIT,CLT,25
LIT,DAL,67
LIT,DEN,33
LIT,DFW,194
LIT,DTW,14
LIT,EWR,4
LIT,HOU,6
LIT,IAH,29
LIT,LAS,19
LIT,MDW,35
LIT,MEM,37
LIT,MSP,2
LIT,ORD,114
LIT,PHX,14
LIT,RDU,1
LIT,SAN,1
LIT,SDF,1
LIT,STL,65
LMT,PDX,16
LMT,SFO,3
LNK,DEN,2
LNK,MSP,9
LNK,ORD,21
LNS,BWI,2
LNY,HNL,6
LRD,DFW,8
LRD,IAH,4
LSE,DTW,70
LSE,MSP,199
LSE,ORD,299
LUP,MKK,1
LWB,CLE,1
LWS,BOI,3
LWS,PUW,3
LWS,SEA,3
LWS,SLC,3
LWT,BIL,1
LYH,CLT,5
MAF,ABQ,1
MAF,DFW,22
MAF,HOU,3
MAF,IAH,3
MAO,ATL,2
MAZ,SJU,2
MBL,MKE,1
MBS,DTW,15
MBS,MSP,4
MBS,ORD,3
MCI,ABQ,4
MCI,ATL,252
MCI,BNA,24
MCI,BOS,6
MCI,BWI,55
MCI,CLE,7
MCI,CLT,83
MCI,CMH,2
MCI,CVG,13
MCI,DAL,23
MCI,DCA,148
MCI,DEN,75
MCI,DFW,339
MCI,DTW,39
MCI,EWR,8
MCI,GEG,3
MCI,HOU,2
MCI,IAD,84
MCI,IAH,21
MCI,IND,6
MCI,LAS,2
MCI,LAX,2
MCI,LGA,9
MCI,MCO,12
MCI,MDT,1
MCI,MDW,17
MCI,MEM,14
MCI,MHK,3
MCI,MKE,15
MCI,MSP,27
MCI,MSY,2
MCI,OAK,7
MCI,OKC,45
MCI,ORD,305
MCI,PDX,27
MCI,PHL,24
MCI,PHX,38
MCI,RIC,1
MCI,SAN,35
MCI,SEA,18
MCI,SFO,26
MCI,SLC,26
MCI,SLN,8
MCI,STL,50
MCI,SYR,2
MCI,TPA,3
MCI,TUS,1
MCN,ATL,22
MCO,ABQ,2
MCO,ALB,1
MCO,ATL,401
MCO,AUS,1
MCO,BDL,7
MCO,BHM,5
MCO,BMI,1
MCO,BNA,12
MCO,BOS,24
MCO,BUF,1
MCO,BWI,100
MCO,CAK,1
MCO,CLE,1
MCO,CLT,82
MCO,CMH,6
MCO,CVG,2
MCO,DAL,1
MCO,DAY,3
MCO,DCA,206
MCO,DEN,45
MCO,DFW,234
MCO,DTW,16
MCO,EWR,15
MCO,FLL,6
MCO,GSP,1
MCO,HOU,3
MCO,HSV,10
MCO,IAD,86
MCO,IAH,5
MCO,IND,11
MCO,ISP,1
MCO,JAN,8
MCO,JFK,18
MCO,LAS,20
MCO,LAX,33
MCO,LGA,8
MCO,LIT,1
MCO,MCI,6
MCO,MDT,4
MCO,MDW,2
MCO,MEM,23
MCO,MHT,5
MCO,MIA,21
MCO,MKE,6
MCO,MSP,24
MCO,MSY,10
MCO,ORD,32
MCO,ORF,59
MCO,PHF,32
MCO,PHL,47
MCO,PHX,14
MCO,PIT,5
MCO,PSE,1
MCO,PVD,16
MCO,RDU,9
MCO,RIC,16
MCO,RSW,1
MCO,SAT,14
MCO,SDF,5
MCO,SEA,9
MCO,SFO,8
MCO,SJU,20
MCO,SLC,19
MCO,STL,14
MCO,SYR,10
MCW,MSP,4
MDT,ATL,123
MDT,CLE,3
MDT,CLT,54
MDT,CVG,7
MDT,DTW,38
MDT,EWR,4
MDT,IAD,78
MDT,LGA,2
MDT,MCO,3
MDT,ORD,141
MDT,PHL,28
MDW,ABQ,2
MDW,ALB,9
MDW,ATL,31
MDW,AUS,2
MDW,BDL,10
MDW,BHM,11
MDW,BNA,63
MDW,BOS,9
MDW,BUF,2
MDW,BWI,53
MDW,CHS,4
MDW,CLE,11
MDW,CMH,13
MDW,DEN,21
MDW,DTW,13
MDW,EWR,2
MDW,FLL,1
MDW,GSP,5
MDW,HOU,8
MDW,HRL,1
MDW,IAD,8
MDW,IND,4
MDW,ISP,5
MDW,JAN,13
MDW,JAX,1
MDW,LAS,42
MDW,LAX,2
MDW,LGA,2
MDW,LIT,51
MDW,MCI,12
MDW,MCO,14
MDW,MHT,17
MDW,MSP,19
MDW,MSY,1
MDW,OAK,16
MDW,OKC,1
MDW,OMA,19
MDW,ONT,15
MDW,ORF,117
MDW,PDX,3
MDW,PHL,25
MDW,PHX,8
MDW,PIT,13
MDW,PVD,16
MDW,RDU,28
MDW,RNO,14
MDW,RSW,3
MDW,SAN,18
MDW,SAT,6
MDW,SDF,41
MDW,SEA,37
MDW,SFO,3
MDW,SJC,10
MDW,SLC,10
MDW,SMF,2
MDW,SNA,2
MDW,STL,76
MDW,TPA,7
MDW,TUS,20
MEI,ATL,141
MEM,AEX,3
MEM,ATL,202
MEM,AUS,14
MEM,BHM,8
MEM,BNA,18
MEM,BOS,15
MEM,BTR,9
MEM,BWI,50
MEM,CLE,5
MEM,CLT,90
MEM,CMH,19
MEM,COU,15
MEM,CVG,10
MEM,DAL,10
MEM,DCA,114
MEM,DEN,21
MEM,DFW,97
MEM,DSM,3
MEM,DTW,63
MEM,EWR,24
MEM,FLL,2
MEM,FSM,24
MEM,GLH,3
MEM,GPT,32
MEM,GRR,1
MEM,GTR,13
MEM,HSV,60
MEM,IAH,20
MEM,ICT,2
MEM,IND,7
MEM,JAN,27
MEM,JAX,30
MEM,JFK,1
MEM,LAS,26
MEM,LAX,63
MEM,LBB,2
MEM,LGA,10
MEM,LIT,34
MEM,LNK,1
MEM,MCI,22
MEM,MCO,21
MEM,MDT,1
MEM,MFE,1
MEM,MIA,19
MEM,MKE,7
MEM,MLI,14
MEM,MOB,19
MEM,MSL,1
MEM,MSN,1
MEM,MSP,67
MEM,MSY,27
MEM,OKC,26
MEM,OMA,35
MEM,ORD,88
MEM,PAH,1
MEM,PFN,2
MEM,PHL,20
MEM,PHX,7
MEM,PIB,103
MEM,PIT,7
MEM,PNS,48
MEM,RDU,17
MEM,RIC,1
MEM,SAN,4
MEM,SAT,56
MEM,SDF,10
MEM,SEA,47
MEM,SGF,32
MEM,SHV,73
MEM,SLC,77
MEM,STL,50
MEM,TLH,1
MEM,TPA,10
MEM,TUL,8
MEM,TUP,4
MEM,TYS,5
MEM,XNA,1
MFE,ATL,4
MFE,DFW,15
MFE,IAH,14
MFR,DEN,3
MFR,PDX,28
MFR,SEA,11
MFR,SFO,2
MFR,SLC,2
MGM,ATL,404
MGM,CLT,41
MGM,DFW,148
MGM,MEM,1
MGW,CKB,20
MGW,IAD,27
MHK,DFW,199
MHK,MCI,4
MHK,ORD,60
MHT,ATL,29
MHT,BWI,115
MHT,CLE,7
MHT,CLT,8
MHT,CMH,1
MHT,DCA,32
MHT,DTW,26
MHT,EWR,3
MHT,IAD,30
MHT,LAS,2
MHT,LGA,12
MHT,MCO,5
MHT,MDW,8
MHT,ORD,21
MHT,ORF,5
MHT,PHL,77
MHT,PHX,4
MHT,PIT,1
MHT,TPA,4
MIA,ATL,153
MIA,BDL,1
MIA,BHM,1
MIA,BNA,9
MIA,BOS,9
MIA,BWI,40
MIA,CHS,10
MIA,CLE,1
MIA,CLT,60
MIA,CMH,1
MIA,CVG,3
MIA,DCA,186
MIA,DEN,1
MIA,DFW,147
MIA,DTW,19
MIA,EWR,29
MIA,EYW,82
MIA,GEO,1
MIA,GNV,1
MIA,IAD,36
MIA,IAH,7
MIA,JAX,88
MIA,JFK,18
MIA,LAS,14
MIA,LAX,31
MIA,LGA,6
MIA,MCO,25
MIA,MEM,17
MIA,MSP,4
MIA,MSY,20
MIA,ORD,50
MIA,ORF,62
MIA,PHL,19
MIA,PHX,4
MIA,PIT,7
MIA,PNS,3
MIA,RDU,19
MIA,RIC,3
MIA,RSW,1
MIA,SAV,2
MIA,SDF,9
MIA,SEA,13
MIA,SFO,12
MIA,SJU,119
MIA,STL,4
MIA,STT,5
MIA,STX,26
MIA,TLH,3
MIA,TPA,44
MKE,ATL,135
MKE,ATW,2
MKE,BOS,5
MKE,BWI,41
MKE,CLE,4
MKE,CLT,18
MKE,CMH,1
MKE,CVG,2
MKE,DAY,2
MKE,DCA,53
MKE,DEN,51
MKE,DFW,16
MKE,DSM,1
MKE,DTW,21
MKE,EWR,1
MKE,GRB,1
MKE,IAH,2
MKE,IND,8
MKE,LAS,5
MKE,LAX,4
MKE,LGA,2
MKE,MBL,1
MKE,MCI,21
MKE,MCO,14
MKE,MEM,6
MKE,MQT,2
MKE,MSN,1
MKE,MSP,24
MKE,OMA,12
MKE,ORD,98
MKE,PHL,11
MKE,PHX,17
MKE,PIT,1
MKE,RHI,1
MKE,SAN,9
MKE,SAT,22
MKE,SDF,2
MKE,SEA,16
MKE,STL,32
MKE,TPA,4
MKG,DTW,1
MKG,ORD,1
MKK,HNL,2
MKK,LNY,2
MKK,LUP,1
MLB,ATL,67
MLB,CLT,17
MLI,ATL,115
MLI,DEN,24
MLI,DFW,41
MLI,DTW,48
MLI,MEM,3
MLI,MSP,19
MLI,ORD,326
MLU,ATL,5
MLU,DFW,8
MOB,ATL,113
MOB,CLT,19
MOB,DFW,32
MOB,IAH,3
MOB,MEM,7
MOD,SFO,13
MOT,DEN,1
MOT,MSP,128
MQT,DTW,3
MQT,MSP,1
MQT,ORD,7
MRY,DEN,27
MRY,LAX,198
MRY,PHX,78
MRY,SAN,1
MRY,SFO,89
MSL,MEM,1
MSN,ATL,19
MSN,CVG,3
MSN,DCA,4
MSN,DEN,12
MSN,DFW,14
MSN,DTW,21
MSN,MEM,1
MSN,MKE,4
MSN,MSP,16
MSN,ORD,79
MSO,DEN,14
MSO,MSP,1
MSO,ORD,1
MSO,SEA,21
MSO,SLC,6
MSP,ABQ,12
MSP,ALB,2
MSP,ALO,9
MSP,ANC,121
MSP,ATL,400
MSP,ATW,3
MSP,ATY,1
MSP,AUS,6
MSP,AZO,13
MSP,BDL,9
MSP,BHM,8
MSP,BIL,4
MSP,BIS,75
MSP,BJI,14
MSP,BNA,15
MSP,BOI,50
MSP,BOS,22
MSP,BRD,9
MSP,BUF,1
MSP,BWI,103
MSP,BZN,2
MSP,CID,12
MSP,CLE,12
MSP,CLT,53
MSP,CMH,5
MSP,COS,24
MSP,CVG,22
MSP,CWA,9
MSP,DAY,38
MSP,DCA,171
MSP,DEN,53
MSP,DFW,127
MSP,DLH,9
MSP,DSM,5
MSP,DTW,111
MSP,DVL,28
MSP,EAU,1
MSP,EWR,26
MSP,FAI,62
MSP,FAR,38
MSP,FCA,4
MSP,FNT,2
MSP,FOD,5
MSP,FSD,21
MSP,FWA,3
MSP,GEG,60
MSP,GFK,86
MSP,GRB,12
MSP,GRR,8
MSP,GTF,19
MSP,HIB,1
MSP,HLN,5
MSP,HNL,34
MSP,IAD,64
MSP,IAH,6
MSP,ICT,9
MSP,IND,27
MSP,JAX,8
MSP,JFK,7
MSP,JMS,26
MSP,LAN,9
MSP,LAS,23
MSP,LAX,77
MSP,LGA,7
MSP,LIT,2
MSP,LNK,10
MSP,LSE,115
MSP,MBS,8
MSP,MCI,29
MSP,MCO,33
MSP,MCW,1
MSP,MDW,20
MSP,MEM,63
MSP,MIA,1
MSP,MKE,17
MSP,MLI,15
MSP,MOT,103
MSP,MQT,1
MSP,MSN,6
MSP,MSO,3
MSP,MSY,9
MSP,OKC,43
MSP,OMA,38
MSP,ORD,275
MSP,ORF,63
MSP,PDX,26
MSP,PHL,68
MSP,PHX,41
MSP,PIA,1
MSP,PIR,2
MSP,PIT,20
MSP,PSC,3
MSP,PVD,11
MSP,RAP,39
MSP,RDU,14
MSP,RHI,1
MSP,RIC,11
MSP,RNO,11
MSP,RST,3
MSP,SAN,144
MSP,SAT,98
MSP,SBN,4
MSP,SDF,27
MSP,SEA,137
MSP,SFO,20
MSP,SJC,9
MSP,SLC,117
MSP,SMF,15
MSP,SNA,11
MSP,STC,1
MSP,STL,107
MSP,SUX,13
MSP,TPA,11
MSP,TUL,2
MSP,TUS,15
MSP,TVC,8
MSP,TYS,3
MSS,ALB,1
MSY,ATL,211
MSY,BHM,12
MSY,BNA,11
MSY,BOS,5
MSY,BWI,53
MSY,CHS,1
MSY,CLT,115
MSY,DAL,25
MSY,DCA,115
MSY,DEN,35
MSY,DFW,204
MSY,DTW,11
MSY,EWR,7
MSY,FLL,6
MSY,HOU,20
MSY,IAD,73
MSY,IAH,68
MSY,JFK,3
MSY,LAS,21
MSY,LAX,21
MSY,LGA,6
MSY,MCO,10
MSY,MDW,8
MSY,MEM,20
MSY,MIA,11
MSY,MSP,5
MSY,OAK,1
MSY,OKC,15
MSY,ORD,56
MSY,PDX,1
MSY,PHL,25
MSY,PHX,2
MSY,RSW,1
MSY,SAN,5
MSY,SAT,2
MSY,SDF,5
MSY,SFO,9
MSY,SLC,11
MSY,SMF,1
MSY,STL,21
MSY,TPA,28
MSY,TUL,2
MTH,RSW,1
MTJ,DEN,1
MWA,STL,1
MYR,ATL,25
MYR,CLT,4
MYR,DTW,1
OAJ,ATL,284
OAJ,CLT,309
OAJ,DCA,1
OAK,ABQ,18
OAK,AUS,1
OAK,BNA,1
OAK,BOI,2
OAK,BUR,11
OAK,BWI,7
OAK,DAL,3
OAK,DEN,31
OAK,ELP,4
OAK,GEG,2
OAK,HNL,5
OAK,HOU,8
OAK,IAD,4
OAK,LAS,30
OAK,LAX,29
OAK,LGB,2
OAK,MCI,7
OAK,MDW,27
OAK,OGG,1
OAK,OKC,1
OAK,ONT,22
OAK,ORF,1
OAK,PDX,22
OAK,PHL,3
OAK,PHX,64
OAK,RNO,3
OAK,SAN,93
OAK,SEA,54
OAK,SLC,58
OAK,SNA,24
OAK,TUS,2
OGG,DEN,2
OGG,DFW,3
OGG,HNL,84
OGG,LAX,14
OGG,LIH,1
OGG,PDX,7
OGG,PHX,3
OGG,SAN,1
OGG,SEA,1
OGG,SFO,2
OKC,ATL,173
OKC,BWI,20
OKC,DAL,19
OKC,DCA,1
OKC,DEN,79
OKC,DFW,390
OKC,DTW,9
OKC,EWR,10
OKC,HOU,20
OKC,IAD,32
OKC,IAH,31
OKC,LAS,5
OKC,LAX,28
OKC,MCI,20
OKC,MCO,2
OKC,MDW,1
OKC,MEM,28
OKC,MSP,43
OKC,MSY,1
OKC,ORD,194
OKC,PHX,11
OKC,SAT,3
OKC,SFO,3
OKC,SLC,75
OKC,STL,80
OLF,BIL,3
OLF,GGW,1
OMA,ATL,96
OMA,BWI,1
OMA,CVG,10
OMA,DCA,108
OMA,DEN,180
OMA,DFW,139
OMA,DTW,35
OMA,EWR,11
OMA,IAH,12
OMA,LAS,25
OMA,MDW,17
OMA,MEM,36
OMA,MKE,16
OMA,MSP,39
OMA,ORD,168
OMA,PHX,16
OMA,RDU,1
OMA,SAN,1
OMA,SDF,1
OMA,SFO,1
OMA,SLC,16
OMA,STL,45
OME,ANC,6
ONT,ATL,31
ONT,BOI,3
ONT,BWI,1
ONT,DEN,68
ONT,DFW,349
ONT,IAH,16
ONT,LAS,66
ONT,MDW,8
ONT,OAK,21
ONT,OMA,1
ONT,PBI,2
ONT,PDX,5
ONT,PHX,114
ONT,SEA,44
ONT,SFO,25
ONT,SJC,34
ONT,SLC,33
ONT,SMF,62
ORD,ABE,6
ORD,ABQ,23
ORD,ALB,41
ORD,ANC,21
ORD,ART,1
ORD,ATL,380
ORD,ATW,18
ORD,AUH,6
ORD,AUS,36
ORD,AVL,2
ORD,AVP,12
ORD,AZO,62
ORD,BDL,57
ORD,BHM,6
ORD,BIS,1
ORD,BMI,7
ORD,BNA,149
ORD,BOI,40
ORD,BOS,136
ORD,BTV,33
ORD,BUF,52
ORD,BWI,254
ORD,CAE,244
ORD,CAK,4
ORD,CHA,7
ORD,CHO,3
ORD,CHS,44
ORD,CID,35
ORD,CLE,56
ORD,CLT,110
ORD,CMH,154
ORD,CMI,58
ORD,CMX,1
ORD,COS,170
ORD,CRW,20
ORD,CVG,48
ORD,CWA,28
ORD,DAY,117
ORD,DBQ,2
ORD,DCA,863
ORD,DEN,108
ORD,DFW,310
ORD,DLH,7
ORD,DSM,112
ORD,DTW,109
ORD,EAU,2
ORD,ELP,112
ORD,EVV,17
ORD,EWR,151
ORD,FAR,18
ORD,FLL,12
ORD,FNT,13
ORD,FSD,47
ORD,FWA,9
ORD,GEG,12
ORD,GPT,1
ORD,GRB,44
ORD,GRR,20
ORD,GSO,3
ORD,GSP,8
ORD,HNL,199
ORD,HSV,134
ORD,HTS,1
ORD,IAD,222
ORD,IAH,82
ORD,ICT,48
ORD,IND,219
ORD,JAC,2
ORD,JAX,79
ORD,JFK,12
ORD,LAN,13
ORD,LAS,88
ORD,LAX,300
ORD,LEX,32
ORD,LGA,60
ORD,LIT,110
ORD,LNK,22
ORD,LSE,176
ORD,MBS,2
ORD,MCI,282
ORD,MCO,29
ORD,MDT,130
ORD,MEM,81
ORD,MHK,59
ORD,MHT,22
ORD,MIA,35
ORD,MKE,34
ORD,MKG,2
ORD,MLI,301
ORD,MQT,2
ORD,MSN,57
ORD,MSP,197
ORD,MSY,51
ORD,OKC,469
ORD,OMA,165
ORD,ORF,247
ORD,PAH,1
ORD,PBI,3
ORD,PDX,45
ORD,PHL,218
ORD,PHX,70
ORD,PIA,33
ORD,PIT,88
ORD,PNS,2
ORD,PSP,1
ORD,PVD,97
ORD,PWM,28
ORD,RAP,15
ORD,RDU,134
ORD,RIC,257
ORD,RNO,39
ORD,ROA,11
ORD,ROC,18
ORD,RST,10
ORD,RSW,2
ORD,SAN,577
ORD,SAT,337
ORD,SAV,51
ORD,SBN,29
ORD,SDF,155
ORD,SEA,412
ORD,SFO,91
ORD,SGF,61
ORD,SJC,39
ORD,SJU,7
ORD,SLC,183
ORD,SMF,44
ORD,SNA,71
ORD,SPI,59
ORD,STL,704
ORD,SYR,117
ORD,TOL,19
ORD,TPA,80
ORD,TRI,7
ORD,TUL,54
ORD,TUS,76
ORD,TVC,12
ORD,TYS,53
ORD,XNA,12
ORF,ATL,1119
ORF,BNA,49
ORF,BOS,30
ORF,BWI,445
ORF,CLE,2
ORF,CLT,408
ORF,CVG,36
ORF,DAY,1
ORF,DCA,64
ORF,DEN,10
ORF,DFW,319
ORF,DTW,172
ORF,EWR,79
ORF,FLL,1
ORF,IAD,420
ORF,IAH,36
ORF,IND,3
ORF,JAX,322
ORF,JFK,157
ORF,LAS,102
ORF,LGA,58
ORF,MCO,44
ORF,MDW,63
ORF,MHT,3
ORF,MIA,37
ORF,MSP,80
ORF,ORD,232
ORF,PHL,229
ORF,RNO,2
ORF,SAN,6
ORF,SAT,1
ORF,SDF,5
ORF,SLC,2
ORF,SMF,5
ORF,TPA,100
OTZ,OME,4
OXR,LAX,4
PAH,MEM,1
PAH,ORD,1
PBI,ATL,81
PBI,BWI,45
PBI,CLT,28
PBI,DCA,7
PBI,DFW,10
PBI,EWR,1
PBI,IAH,2
PBI,ISP,2
PBI,LGA,1
PBI,ORD,3
PBI,PHL,11
PBI,PHX,1
PBI,RDU,1
PBI,TPA,16
PDT,PDX,2
PDX,ABQ,2
PDX,ANC,3
PDX,ATL,44
PDX,BIL,5
PDX,BOI,11
PDX,BOS,6
PDX,BUR,5
PDX,DEN,39
PDX,DFW,70
PDX,DTW,2
PDX,EUG,6
PDX,EWR,8
PDX,FAT,5
PDX,GEG,36
PDX,HNL,25
PDX,IAD,16
PDX,IAH,10
PDX,JFK,4
PDX,LAS,10
PDX,LAX,21
PDX,LMT,11
PDX,MCI,14
PDX,MDW,10
PDX,MFR,19
PDX,MSP,28
PDX,MSY,1
PDX,OAK,19
PDX,ONT,5
PDX,ORD,49
PDX,PDT,2
PDX,PHL,7
PDX,PHX,17
PDX,RDM,7
PDX,RNO,11
PDX,SAN,46
PDX,SEA,57
PDX,SFO,21
PDX,SJC,9
PDX,SLC,25
PDX,SMF,31
PDX,SNA,8
PDX,TPA,3
PFN,ATL,23
PFN,MEM,1
PGV,CLT,11
PHF,ATL,531
PHF,BOS,57
PHF,CLT,183
PHF,DEN,2
PHF,LGA,2
PHF,MCO,35
PHF,PHL,110
PHL,ABE,1
PHL,ALB,24
PHL,ANC,3
PHL,ATL,431
PHL,AUS,1
PHL,AVP,23
PHL,BDL,44
PHL,BGM,4
PHL,BGR,7
PHL,BHM,2
PHL,BNA,57
PHL,BOS,119
PHL,BTV,18
PHL,BUF,20
PHL,BWI,93
PHL,CAE,81
PHL,CAK,3
PHL,CHO,1
PHL,CHS,48
PHL,CLE,25
PHL,CLT,245
PHL,CMH,36
PHL,CVG,14
PHL,DAL,2
PHL,DAY,22
PHL,DCA,113
PHL,DEN,66
PHL,DFW,238
PHL,DTW,91
PHL,ELM,3
PHL,ERI,4
PHL,EWR,18
PHL,FLL,6
PHL,GSO,5
PHL,GSP,6
PHL,HOU,3
PHL,HVN,6
PHL,IAD,103
PHL,IAH,29
PHL,ILM,4
PHL,IND,28
PHL,IPT,6
PHL,ISP,7
PHL,ITH,1
PHL,JAX,41
PHL,JFK,4
PHL,LAS,65
PHL,LAX,79
PHL,LGA,23
PHL,MCI,26
PHL,MCO,45
PHL,MDT,43
PHL,MDW,31
PHL,MEM,18
PHL,MHT,64
PHL,MIA,11
PHL,MKE,2
PHL,MSP,51
PHL,MSY,24
PHL,OAK,4
PHL,ONT,1
PHL,ORD,229
PHL,ORF,303
PHL,PBI,10
PHL,PDX,5
PHL,PHF,91
PHL,PHX,99
PHL,PIT,45
PHL,PVD,136
PHL,PWM,21
PHL,RAP,1
PHL,RDU,117
PHL,RIC,87
PHL,ROA,3
PHL,ROC,6
PHL,RSW,1
PHL,SAN,140
PHL,SAV,8
PHL,SBY,8
PHL,SCE,16
PHL,SDF,53
PHL,SEA,80
PHL,SFO,28
PHL,SJU,47
PHL,SLC,21
PHL,SMF,13
PHL,STL,145
PHL,SWF,23
PHL,SYR,40
PHL,TPA,51
PHL,TYS,6
PHX,ABQ,48
PHX,ANC,9
PHX,ATL,157
PHX,AUS,16
PHX,BFL,7
PHX,BHM,1
PHX,BNA,21
PHX,BOI,22
PHX,BOS,17
PHX,BUF,1
PHX,BUR,22
PHX,BWI,123
PHX,CLE,1
PHX,CLT,253
PHX,CMH,8
PHX,DAL,1
PHX,DCA,149
PHX,DEN,70
PHX,DFW,224
PHX,DTW,32
PHX,ELP,219
PHX,EWR,64
PHX,FAT,29
PHX,FLG,11
PHX,FLL,8
PHX,GEG,31
PHX,HNL,69
PHX,HOU,10
PHX,IAD,23
PHX,IAH,31
PHX,IND,93
PHX,JFK,60
PHX,LAS,82
PHX,LAX,63
PHX,LGA,8
PHX,LGB,24
PHX,LIH,1
PHX,LIT,15
PHX,MCI,30
PHX,MCO,7
PHX,MDW,2
PHX,MEM,12
PHX,MHT,3
PHX,MKE,4
PHX,MRY,69
PHX,MSP,27
PHX,MSY,4
PHX,OAK,67
PHX,OKC,16
PHX,OMA,9
PHX,ONT,177
PHX,ORD,55
PHX,PDX,19
PHX,PHL,95
PHX,PIT,9
PHX,PSP,57
PHX,PVD,11
PHX,RDU,20
PHX,RNO,158
PHX,SAN,311
PHX,SAT,87
PHX,SBA,15
PHX,SBP,16
PHX,SDF,15
PHX,SEA,122
PHX,SFO,25
PHX,SJC,73
PHX,SLC,110
PHX,SMF,104
PHX,SNA,31
PHX,SOW,1
PHX,STL,86
PHX,TPA,19
PHX,TUL,4
PHX,TUS,76
PHX,YUM,120
PIA,DEN,3
PIA,DFW,5
PIA,MSP,2
PIA,ORD,25
PIB,MEM,93
PIH,SLC,15
PIR,DEN,2
PIR,HON,1
PIR,MSP,1
PIT,ATL,88
PIT,BDL,8
PIT,BOS,10
PIT,BWI,27
PIT,CLE,1
PIT,CLT,23
PIT,CVG,2
PIT,DCA,18
PIT,DEN,16
PIT,DFW,46
PIT,DTW,23
PIT,EWR,9
PIT,IAD,22
PIT,JFK,16
PIT,LAS,4
PIT,LAX,3
PIT,LGA,3
PIT,MCO,3
PIT,MDW,7
PIT,MEM,24
PIT,MKE,6
PIT,MSP,15
PIT,ORD,81
PIT,ORF,1
PIT,PHL,41
PIT,PHX,8
PIT,RDU,4
PIT,SFO,2
PIT,STL,4
PIT,TPA,2
PKB,CLE,1
PLN,DTW,5
PNS,ATL,744
PNS,CLT,229
PNS,DFW,442
PNS,IAD,25
PNS,IAH,43
PNS,IND,1
PNS,MCO,2
PNS,MEM,85
PNS,MIA,15
PNS,ORD,7
PNS,TPA,1
PPG,HNL,35
PQI,BOS,7
PRG,JFK,11
PSC,DEN,13
PSC,MSP,6
PSC,SEA,15
PSC,SLC,23
PSE,MCO,1
PSG,WRG,1
PSP,DEN,23
PSP,DFW,46
PSP,LAS,9
PSP,LAX,34
PSP,ORD,3
PSP,PHX,86
PSP,SEA,3
PSP,SFO,3
PSP,SLC,18
PUB,DEN,5
PUW,SEA,3
PVC,BOS,1
PVD,ACK,1
PVD,ATL,96
PVD,BNA,9
PVD,BWI,478
PVD,CLE,9
PVD,CLT,86
PVD,DCA,149
PVD,DEN,1
PVD,DFW,1
PVD,DTW,46
PVD,EWR,22
PVD,FLL,7
PVD,IAD,223
PVD,JAX,1
PVD,LAS,10
PVD,LGA,6
PVD,MCO,19
PVD,MDW,9
PVD,MSP,5
PVD,ORD,122
PVD,ORF,1
PVD,PHL,114
PVD,PHX,5
PVD,SAN,2
PVD,STL,1
PVD,TPA,9
PVG,LAX,3
PWM,ATL,92
PWM,BWI,20
PWM,CLT,6
PWM,DCA,23
PWM,DFW,2
PWM,DTW,11
PWM,EWR,6
PWM,IAD,54
PWM,JFK,4
PWM,LGA,5
PWM,ORD,53
PWM,PHL,19
RAP,DEN,98
RAP,DFW,23
RAP,IAH,1
RAP,MSP,46
RAP,ORD,14
RAP,SLC,9
RDD,SFO,4
RDM,PDX,9
RDM,SEA,1
RDM,SFO,4
RDM,SLC,1
RDU,ATL,321
RDU,BNA,106
RDU,BOS,37
RDU,BWI,140
RDU,CLE,4
RDU,CLT,77
RDU,CMH,1
RDU,CVG,6
RDU,DCA,152
RDU,DEN,25
RDU,DFW,260
RDU,DTW,23
RDU,ELP,12
RDU,EWR,20
RDU,FLL,1
RDU,IAD,107
RDU,IAH,17
RDU,IND,3
RDU,JFK,58
RDU,LAS,9
RDU,LAX,2
RDU,LGA,17
RDU,MCO,10
RDU,MDW,24
RDU,MEM,20
RDU,MHT,1
RDU,MIA,18
RDU,MSP,22
RDU,MSY,3
RDU,OAK,2
RDU,OKC,3
RDU,ORD,148
RDU,PHL,106
RDU,PHX,19
RDU,PIT,5
RDU,SAT,4
RDU,SEA,1
RDU,STL,56
RDU,TPA,120
RHI,MKE,1
RHI,MSP,1
RIC,ATL,312
RIC,BOS,43
RIC,CLE,14
RIC,CLT,173
RIC,CVG,15
RIC,DEN,6
RIC,DFW,296
RIC,DTW,96
RIC,EWR,20
RIC,FLL,2
RIC,IAD,171
RIC,IAH,18
RIC,JAX,1
RIC,JFK,23
RIC,LGA,13
RIC,MCI,2
RIC,MCO,15
RIC,MIA,5
RIC,MSP,8
RIC,ORD,296
RIC,PHL,96
RIC,STL,1
RIW,DEN,2
RKS,SLC,2
RNO,BNA,1
RNO,BOI,13
RNO,BUR,1
RNO,BWI,1
RNO,DCA,5
RNO,DEN,43
RNO,DFW,129
RNO,IAH,3
RNO,LAS,112
RNO,LAX,103
RNO,MDW,38
RNO,MSP,10
RNO,OAK,5
RNO,ORD,22
RNO,PDX,12
RNO,PHL,1
RNO,PHX,164
RNO,SAN,77
RNO,SEA,29
RNO,SFO,25
RNO,SJC,17
RNO,SLC,43
RNO,SNA,1
RNO,TPA,1
RNO,TUL,22
ROA,ATL,21
ROA,CLT,10
ROA,DTW,3
ROA,IAD,4
ROA,LGA,1
ROA,ORD,13
ROA,PHL,5
ROC,ATL,26
ROC,BOS,1
ROC,BWI,9
ROC,CLE,1
ROC,CLT,1
ROC,DCA,5
ROC,DTW,1
ROC,EWR,3
ROC,IAD,13
ROC,LGA,2
ROC,ORD,16
ROC,PHL,8
ROC,TPA,1
ROP,GUM,2
ROR,GUM,3
ROR,YAP,1
ROW,DFW,24
RST,DTW,1
RST,MSP,5
RST,ORD,17
RSW,ATL,21
RSW,BWI,6
RSW,CLT,8
RSW,DCA,2
RSW,DFW,3
RSW,DTW,1
RSW,EWR,2
RSW,IAH,1
RSW,MCO,4
RSW,MDW,1
RSW,MTH,1
RSW,PHL,1
RUT,BOS,1
SAN,ABQ,34
SAN,ATL,923
SAN,AUS,21
SAN,BNA,10
SAN,BOS,76
SAN,BWI,274
SAN,CLT,116
SAN,CVG,8
SAN,DCA,7
SAN,DEN,167
SAN,DFW,966
SAN,DTW,82
SAN,ELP,41
SAN,EWR,42
SAN,FSD,1
SAN,HNL,235
SAN,HOU,27
SAN,IAD,321
SAN,IAH,98
SAN,IND,7
SAN,JFK,112
SAN,LAS,138
SAN,LAX,578
SAN,LIT,1
SAN,MAF,5
SAN,MDW,22
SAN,MKE,1
SAN,MRY,8
SAN,MSP,58
SAN,MSY,4
SAN,OAK,127
SAN,OGG,2
SAN,OMA,4
SAN,ORD,416
SAN,ORF,4
SAN,PDX,35
SAN,PHL,178
SAN,PHX,235
SAN,RDU,1
SAN,RNO,42
SAN,SAT,133
SAN,SEA,570
SAN,SFO,442
SAN,SJC,102
SAN,SLC,104
SAN,SMF,111
SAN,STL,7
SAN,TPA,18
SAN,TUS,81
SAT,ABQ,5
SAT,ATL,712
SAT,BNA,125
SAT,BOI,7
SAT,BWI,446
SAT,CLT,112
SAT,CMH,1
SAT,DAL,238
SAT,DCA,1
SAT,DEN,127
SAT,DFW,2051
SAT,DTW,53
SAT,ELP,140
SAT,EWR,9
SAT,FLL,1
SAT,HOU,75
SAT,HRL,6
SAT,HSV,5
SAT,IAD,99
SAT,IAH,127
SAT,IND,6
SAT,JAN,4
SAT,JFK,5
SAT,LAS,174
SAT,LAX,73
SAT,LBB,2
SAT,LGA,3
SAT,MCI,4
SAT,MCO,19
SAT,MDW,17
SAT,MEM,66
SAT,MSP,68
SAT,MSY,6
SAT,OKC,8
SAT,ONT,1
SAT,ORD,169
SAT,ORF,3
SAT,PHX,124
SAT,PIT,3
SAT,RDU,1
SAT,RIC,5
SAT,SAN,200
SAT,SEA,3
SAT,SFO,38
SAT,SLC,55
SAT,STL,37
SAT,TPA,19
SAV,ATL,385
SAV,CLT,102
SAV,DCA,4
SAV,DFW,107
SAV,DTW,12
SAV,EWR,3
SAV,IAD,76
SAV,IAH,10
SAV,LGA,8
SAV,MIA,7
SAV,MSP,1
SAV,ORD,25
SAV,PHL,31
SBA,DEN,15
SBA,LAX,38
SBA,PHX,16
SBA,SEA,4
SBA,SFO,16
SBN,ATL,16
SBN,CVG,1
SBN,DTW,6
SBN,MSP,3
SBN,ORD,41
SBP,LAX,37
SBP,PHX,14
SBP,SFO,8
SBY,PHL,6
SCC,ANC,2
SCE,DTW,3
SCE,IAD,12
SCE,PHL,16
SDF,ATL,244
SDF,BHM,24
SDF,BWI,188
SDF,CLE,18
SDF,CLT,153
SDF,CVG,8
SDF,DCA,132
SDF,DEN,24
SDF,DFW,227
SDF,DTW,51
SDF,EWR,4
SDF,FAY,1
SDF,GRB,1
SDF,HOU,5
SDF,IAD,12
SDF,IAH,23
SDF,LAS,13
SDF,LGA,12
SDF,MCO,6
SDF,MDW,61
SDF,MEM,7
SDF,MIA,7
SDF,MKE,3
SDF,MSP,36
SDF,ORD,169
SDF,ORF,5
SDF,PHL,52
SDF,PHX,7
SDF,SFO,1
SDF,SNA,3
SDF,STL,25
SDF,TPA,22
SEA,ABQ,28
SEA,ALW,14
SEA,ANC,187
SEA,ATL,386
SEA,AUS,13
SEA,BIL,3
SEA,BLI,13
SEA,BNA,32
SEA,BOI,124
SEA,BOS,36
SEA,BUR,6
SEA,BWI,59
SEA,BZN,17
SEA,CLE,9
SEA,CLT,78
SEA,CMH,1
SEA,CVG,4
SEA,DAL,2
SEA,DCA,173
SEA,DEN,234
SEA,DFW,723
SEA,DTW,69
SEA,EAT,1
SEA,EUG,7
SEA,EWR,25
SEA,FAI,133
SEA,FAT,14
SEA,FCA,7
SEA,GEG,218
SEA,GTF,34
SEA,HLN,15
SEA,HNL,247
SEA,HOU,4
SEA,IAD,175
SEA,IAH,58
SEA,JFK,59
SEA,JNU,3
SEA,LAS,101
SEA,LAX,107
SEA,LGA,1
SEA,LGB,14
SEA,LIH,1
SEA,LWS,8
SEA,MCI,22
SEA,MCO,12
SEA,MDT,1
SEA,MDW,56
SEA,MEM,17
SEA,MFR,8
SEA,MIA,12
SEA,MKE,23
SEA,MSO,14
SEA,MSP,95
SEA,OAK,34
SEA,ONT,44
SEA,ORD,293
SEA,PDX,109
SEA,PHL,88
SEA,PHX,71
SEA,PSC,16
SEA,PUW,4
SEA,RDM,1
SEA,RNO,53
SEA,SAN,455
SEA,SBA,7
SEA,SFO,114
SEA,SJC,79
SEA,SLC,165
SEA,SMF,61
SEA,SNA,20
SEA,STL,44
SEA,STS,1
SEA,SUN,1
SEA,TPA,1
SEA,TUS,27
SEA,YKM,20
SFO,ABQ,3
SFO,ACV,1
SFO,ATL,82
SFO,AUS,1
SFO,BFL,3
SFO,BOI,13
SFO,BOS,14
SFO,BUR,3
SFO,BWI,35
SFO,CEC,1
SFO,CIC,5
SFO,CLE,3
SFO,CLT,21
SFO,COS,27
SFO,CVG,4
SFO,DCA,12
SFO,DEN,172
SFO,DFW,144
SFO,DTW,14
SFO,EUG,6
SFO,EWR,19
SFO,FAT,15
SFO,GEG,14
SFO,HNL,363
SFO,IAD,246
SFO,IAH,15
SFO,IDA,3
SFO,JFK,11
SFO,KOA,1
SFO,LAS,23
SFO,LAX,118
SFO,LMT,1
SFO,MCI,25
SFO,MCO,4
SFO,MDW,3
SFO,MFR,4
SFO,MIA,7
SFO,MOD,18
SFO,MRY,92
SFO,MSP,10
SFO,MSY,7
SFO,OGG,2
SFO,OKC,5
SFO,ONT,21
SFO,ORD,127
SFO,PDX,20
SFO,PHL,43
SFO,PHX,17
SFO,PIT,2
SFO,PSP,14
SFO,RDD,8
SFO,RDM,1
SFO,RNO,20
SFO,SAN,342
SFO,SAT,25
SFO,SBA,5
SFO,SBP,7
SFO,SEA,110
SFO,SLC,37
SFO,SMF,14
SFO,SNA,24
SFO,STL,15
SFO,TPA,1
SFO,TUL,2
SFO,TUS,22
SGF,ATL,70
SGF,DEN,3
SGF,DFW,78
SGF,MEM,25
SGF,ORD,54
SGU,SLC,6
SHD,BKW,1
SHR,DEN,3
SHV,ATL,167
SHV,DFW,498
SHV,IAH,7
SHV,MEM,71
SIT,KTN,1
SJC,ABQ,1
SJC,ATL,10
SJC,AUS,9
SJC,BOI,3
SJC,BOS,3
SJC,BUR,4
SJC,BWI,3
SJC,DEN,51
SJC,DFW,114
SJC,HNL,2
SJC,IAH,17
SJC,IND,1
SJC,LAS,61
SJC,LAX,72
SJC,MDW,10
SJC,MSP,15
SJC,ONT,32
SJC,ORD,32
SJC,PDX,9
SJC,PHX,75
SJC,RNO,7
SJC,SAN,114
SJC,SAT,6
SJC,SEA,74
SJC,SLC,29
SJC,SNA,27
SJC,STL,2
SJT,DFW,294
SJU,ATL,160
SJU,BDL,2
SJU,BOS,3
SJU,BWI,12
SJU,CLT,18
SJU,DCA,8
SJU,DFW,91
SJU,EWR,2
SJU,FLL,8
SJU,IAD,6
SJU,IAH,1
SJU,JAX,6
SJU,JFK,10
SJU,LAX,5
SJU,MAZ,1
SJU,MCO,32
SJU,MIA,137
SJU,ORD,8
SJU,PHL,74
SJU,STT,16
SJU,STX,35
SJU,TPA,7
SLC,ABQ,24
SLC,ANC,18
SLC,ATL,516
SLC,AUS,3
SLC,BIL,10
SLC,BNA,6
SLC,BOI,105
SLC,BOS,14
SLC,BTM,4
SLC,BUR,24
SLC,BWI,137
SLC,BZN,8
SLC,CDC,9
SLC,COS,56
SLC,CPR,5
SLC,CVG,10
SLC,DCA,102
SLC,DEN,241
SLC,DFW,264
SLC,DTW,77
SLC,EKO,2
SLC,ELP,1
SLC,EUG,14
SLC,EWR,8
SLC,FAR,3
SLC,FAT,36
SLC,FCA,9
SLC,GCC,1
SLC,GEG,145
SLC,GJT,6
SLC,GTF,36
SLC,HLN,42
SLC,HNL,89
SLC,IAD,32
SLC,IAH,13
SLC,IDA,32
SLC,IND,8
SLC,JAC,7
SLC,JFK,36
SLC,LAS,174
SLC,LAX,119
SLC,LGB,24
SLC,LWS,2
SLC,MCI,36
SLC,MCO,19
SLC,MDW,10
SLC,MEM,79
SLC,MFR,5
SLC,MSO,11
SLC,MSP,82
SLC,MSY,1
SLC,OAK,64
SLC,OKC,98
SLC,OMA,19
SLC,ONT,32
SLC,ORD,172
SLC,PDX,31
SLC,PHL,6
SLC,PHX,140
SLC,PIH,18
SLC,PSC,28
SLC,PSP,16
SLC,RAP,7
SLC,RNO,49
SLC,SAN,109
SLC,SAT,59
SLC,SEA,180
SLC,SFO,34
SLC,SGU,4
SLC,SJC,26
SLC,SMF,52
SLC,SNA,5
SLC,STL,52
SLC,SUN,1
SLC,TUL,7
SLC,TUS,53
SLC,TWF,13
SLK,BOS,1
SLN,MCI,6
SMF,ABQ,1
SMF,ATL,37
SMF,BNA,3
SMF,BOI,4
SMF,BUF,1
SMF,BUR,32
SMF,CMH,1
SMF,DAL,1
SMF,DCA,1
SMF,DEN,118
SMF,DFW,183
SMF,DTW,1
SMF,EWR,2
SMF,GEG,1
SMF,HNL,20
SMF,HOU,1
SMF,IAD,19
SMF,IAH,24
SMF,LAS,98
SMF,LAX,81
SMF,LGB,1
SMF,MCI,2
SMF,MDW,7
SMF,MSP,19
SMF,ONT,67
SMF,ORD,48
SMF,PDX,18
SMF,PHL,37
SMF,PHX,82
SMF,SAN,111
SMF,SAT,1
SMF,SEA,64
SMF,SFO,15
SMF,SJC,2
SMF,SLC,44
SMF,SNA,42
SMF,TUL,1
SMF,TUS,1
SMX,LAX,28
SNA,ATL,25
SNA,BWI,1
SNA,DCA,1
SNA,DEN,22
SNA,DFW,103
SNA,EWR,2
SNA,IAH,1
SNA,LAS,25
SNA,MIA,2
SNA,MSP,5
SNA,OAK,24
SNA,ORD,72
SNA,PDX,9
SNA,PHX,39
SNA,SEA,18
SNA,SFO,33
SNA,SJC,23
SNA,SLC,2
SNA,SMF,40
SNA,TUS,1
SOV,HOM,1
SOW,PHX,1
SPI,ORD,57
SPN,GUM,29
SPN,ROP,2
SPS,DFW,181
SRQ,ATL,20
SRQ,DCA,1
STC,MSP,1
STL,ABQ,4
STL,ATL,310
STL,AUS,3
STL,BDL,3
STL,BHM,4
STL,BNA,23
STL,BOS,35
STL,BWI,277
STL,CGI,4
STL,CHS,1
STL,CLE,1
STL,CLT,141
STL,CMH,22
STL,CVG,13
STL,DAL,110
STL,DCA,343
STL,DEN,128
STL,DFW,313
STL,DSM,1
STL,DTW,54
STL,EWR,18
STL,FLL,2
STL,GEG,1
STL,HOU,28
STL,IAD,158
STL,IAH,15
STL,IRK,1
STL,JFK,10
STL,LAS,18
STL,LAX,99
STL,LBB,1
STL,LGA,7
STL,LIT,32
STL,MCI,22
STL,MCO,22
STL,MDW,58
STL,MEM,27
STL,MHT,1
STL,MIA,5
STL,MKE,10
STL,MSP,71
STL,MSY,20
STL,MWA,2
STL,OKC,48
STL,OMA,33
STL,ORD,265
STL,ORF,2
STL,PDX,2
STL,PHL,140
STL,PHX,88
STL,PIT,5
STL,PVD,1
STL,RDU,25
STL,RIC,1
STL,RSW,3
STL,SAN,6
STL,SAT,44
STL,SDF,26
STL,SEA,54
STL,SFO,3
STL,SJC,8
STL,SLC,64
STL,TBN,123
STL,TPA,84
STL,TUL,8
STL,TUS,4
STL,UIN,4
STS,SEA,3
STT,ATL,6
STT,MIA,4
STT,SJU,21
STX,MIA,19
STX,SJU,28
SUN,SLC,1
SUX,MSP,9
SWF,ATL,39
SWF,DTW,35
SWF,PHL,20
SYR,ATL,141
SYR,BOS,11
SYR,CLE,8
SYR,CLT,26
SYR,CVG,4
SYR,DCA,38
SYR,DTW,60
SYR,EWR,2
SYR,IAD,131
SYR,JFK,24
SYR,LGA,32
SYR,MCO,14
SYR,ORD,197
SYR,PHL,50
TBN,STL,90
TLH,ATL,38
TLH,CLT,20
TLH,MIA,3
TOL,DTW,1
TOL,ORD,12
TPA,ABQ,2
TPA,ALB,2
TPA,ATL,471
TPA,AUS,3
TPA,BDL,4
TPA,BHM,4
TPA,BNA,67
TPA,BOS,8
TPA,BWI,232
TPA,CLE,3
TPA,CLT,225
TPA,CMH,10
TPA,COS,1
TPA,CVG,3
TPA,DAL,2
TPA,DAY,1
TPA,DCA,321
TPA,DEN,39
TPA,DFW,343
TPA,DTW,18
TPA,ELP,1
TPA,EWR,28
TPA,FLL,4
TPA,HOU,9
TPA,IAD,191
TPA,IAH,10
TPA,IND,16
TPA,JAX,24
TPA,JFK,10
TPA,LAS,8
TPA,LAX,2
TPA,LGA,10
TPA,MCI,1
TPA,MDW,6
TPA,MEM,8
TPA,MHT,1
TPA,MIA,38
TPA,MKE,3
TPA,MSP,8
TPA,MSY,24
TPA,ONT,1
TPA,ORD,80
TPA,ORF,84
TPA,PBI,35
TPA,PDX,3
TPA,PHL,47
TPA,PHX,28
TPA,PIT,1
TPA,PNS,6
TPA,PVD,7
TPA,RDU,107
TPA,ROC,1
TPA,SAT,15
TPA,SDF,18
TPA,SJC,1
TPA,SJU,4
TPA,STL,126
TPA,TLH,1
TRI,ATL,13
TRI,CLT,5
TRI,DTW,1
TUL,ABQ,1
TUL,ATL,12
TUL,BOS,1
TUL,DAL,34
TUL,DEN,35
TUL,DFW,98
TUL,DTW,2
TUL,EWR,2
TUL,HOU,14
TUL,IAD,10
TUL,IAH,12
TUL,LAS,8
TUL,MEM,4
TUL,OAK,2
TUL,ORD,41
TUL,PHX,3
TUL,SAT,13
TUL,SLC,2
TUL,STL,4
TUP,MEM,3
TUS,ABQ,22
TUS,ATL,291
TUS,BWI,2
TUS,DAL,1
TUS,DEN,130
TUS,DFW,721
TUS,IAH,34
TUS,IND,3
TUS,LAS,88
TUS,LAX,167
TUS,MDW,31
TUS,MSP,11
TUS,OAK,2
TUS,ORD,102
TUS,PHL,1
TUS,PHX,101
TUS,RDU,1
TUS,SAN,105
TUS,SBP,2
TUS,SEA,31
TUS,SFO,15
TUS,SLC,54
TVC,DTW,9
TVC,MSP,1
TVC,ORD,11
TWF,SLC,4
TXK,DFW,126
TYR,DFW,5
TYR,IAH,5
TYS,ATL,59
TYS,CLT,19
TYS,CVG,2
TYS,DCA,11
TYS,DEN,7
TYS,DFW,29
TYS,DTW,10
TYS,IAD,17
TYS,IAH,3
TYS,MEM,14
TYS,MIA,1
TYS,ORD,40
TYS,PHL,10
UIN,STL,1
VIS,LAX,6
VLD,ATL,105
VPS,ATL,719
VPS,CLT,202
VPS,DFW,360
VPS,IAH,18
XNA,ATL,3
XNA,DFW,15
XNA,IAH,3
XNA,ORD,12
YAK,ANC,2
YAK,CDV,2
YAP,GUM,3
YKM,SEA,20
YUM,LAX,102
YUM,PHX,113
